road_id,point_index,x,y
0,0,7.59,161.03
0,1,27.63,154.30
0,2,32.45,151.64
0,3,70.01,145.80
0,4,96.52,139.71
0,5,127.48,137.81
0,6,147.91,141.23
1,0,139.53,23.37
1,1,135.73,24.39
1,2,132.68,27.18
1,3,123.17,30.22
1,4,113.02,32.38
1,5,108.20,32.63
1,6,94.75,31.36
1,7,83.33,29.33
1,8,71.53,29.21
1,9,62.52,26.80
1,10,61.76,25.91
1,11,61.51,18.42
2,0,94.75,31.36
2,1,90.31,36.44
2,2,89.67,38.85
2,3,86.63,42.40
2,4,83.46,43.29
2,5,80.54,42.91
2,6,74.83,44.94
3,0,19.26,318.35
3,1,24.21,314.92
3,2,27.38,314.54
3,3,28.65,315.30
3,4,29.79,320.00
3,5,35.62,328.50
3,6,36.26,332.30
3,7,40.70,329.77
3,8,44.76,330.53
3,9,45.90,329.89
3,10,47.55,326.09
4,0,37.02,332.18
4,1,40.70,332.68
4,2,42.35,335.35
4,3,42.10,336.11
4,4,38.67,337.25
5,0,54.91,410.71
5,1,50.34,411.85
5,2,46.03,418.58
5,3,41.97,419.59
5,4,34.86,424.16
5,5,29.66,424.79
5,6,29.03,424.03
6,0,120.25,456.00
6,1,123.29,457.91
7,0,142.20,38.72
7,1,139.28,32.51
8,0,139.28,32.51
8,1,137.38,28.57
8,2,137.50,26.67
8,3,139.53,23.37
8,4,142.96,21.09
8,5,147.91,20.33
9,0,147.91,14.24
9,1,135.98,8.02
9,2,132.94,3.71
10,0,117.84,182.98
10,1,115.43,182.34
10,2,114.92,180.82
10,3,110.86,179.04
10,4,106.55,174.47
11,0,111.62,171.05
11,1,107.05,174.60
11,2,93.35,167.88
11,3,91.19,169.02
11,4,90.69,170.29
11,5,91.32,175.87
11,6,90.43,179.30
11,7,88.02,179.42
12,0,70.77,181.83
12,1,68.61,176.76
12,2,64.81,175.36
12,3,62.78,172.95
12,4,61.38,172.44
12,5,58.21,173.46
12,6,56.30,173.08
12,7,53.77,169.65
12,8,51.10,167.75
13,0,54.27,457.91
13,1,53.13,452.07
13,2,53.51,444.08
13,3,57.95,442.68
13,4,71.78,435.70
13,5,71.53,433.93
13,6,66.71,427.71
13,7,53.89,417.56
13,8,54.66,409.06
13,9,53.64,407.16
13,10,44.13,397.52
13,11,41.97,392.57
13,12,40.95,383.05
13,13,38.80,380.77
13,14,29.92,377.85
13,15,25.09,370.87
14,0,147.53,47.86
14,1,147.91,47.60
15,0,147.91,49.51
15,1,142.20,38.72
16,0,147.15,47.22
16,1,145.37,48.87
16,2,142.45,49.51
16,3,141.56,48.74
16,4,140.29,44.05
17,0,137.76,189.32
17,1,133.70,184.88
17,2,122.41,179.42
17,3,111.62,171.05
17,4,93.86,155.19
17,5,64.04,161.28
17,6,55.29,164.71
17,7,47.80,171.56
17,8,47.17,173.71
17,9,47.04,191.09
17,10,44.25,193.12
17,11,23.83,201.50
17,12,1.50,213.81
17,13,2.64,259.35
17,14,3.40,270.14
17,15,2.64,275.59
17,16,3.65,290.18
17,17,3.27,293.86
17,18,4.92,313.15
17,19,11.39,318.73
17,20,12.41,328.50
17,21,10.25,340.42
17,22,10.88,348.04
17,23,14.56,352.86
17,24,17.74,362.75
17,25,18.50,370.49
17,26,19.77,371.13
17,27,25.09,370.87
18,0,71.78,435.70
18,1,76.10,436.97
18,2,79.40,440.14
18,3,80.66,444.71
18,4,82.06,446.49
18,5,87.01,447.63
18,6,92.97,450.80
18,7,96.02,451.44
18,8,100.46,450.80
18,9,103.75,448.77
18,10,106.93,450.67
18,11,109.08,454.73
18,12,111.75,455.62
18,13,120.12,455.37
18,14,120.12,456.89
19,0,137.76,189.32
19,1,147.91,191.98
20,0,137.76,189.32
20,1,131.41,188.30
20,2,127.61,186.15
20,3,118.09,183.86
20,4,117.84,182.98
21,0,11.01,348.16
21,1,11.65,343.98
21,2,18.37,335.35
22,0,11.77,349.43
22,1,15.07,344.10
22,2,20.40,340.93
23,0,121.39,457.91
23,1,120.12,456.89
23,2,116.95,456.76
23,3,114.67,457.91
24,0,115.43,138.57
24,1,127.48,137.81
24,2,151.08,141.74
24,3,167.32,150.24
24,4,191.42,168.51
24,5,207.79,183.48
24,6,220.35,193.12
24,7,234.05,208.22
24,8,243.06,225.73
24,9,244.46,238.16
24,10,243.82,257.58
24,11,244.96,278.26
24,12,242.17,290.94
24,13,235.96,298.56
24,14,233.42,300.59
24,15,209.06,315.05
24,16,186.60,334.08
24,17,182.92,339.41
24,18,180.89,344.99
24,19,177.21,365.04
24,20,177.21,375.69
24,21,180.64,384.70
24,22,210.07,422.64
24,23,234.05,457.91
25,0,501.37,457.91
25,1,513.42,450.55
25,2,527.63,445.09
25,3,533.72,445.60
25,4,547.30,449.03
25,5,556.94,453.21
25,6,564.81,457.91
26,0,232.91,287.14
26,1,233.16,306.68
27,0,499.59,445.85
27,1,501.24,457.91
28,0,142.20,38.72
28,1,139.28,32.51
29,0,187.24,124.11
29,1,182.80,115.86
29,2,175.82,115.10
29,3,173.15,110.02
29,4,171.76,109.77
29,5,169.86,110.91
30,0,221.11,97.46
30,1,228.60,101.52
30,2,232.28,102.67
30,3,233.04,103.93
30,4,232.91,106.34
30,5,234.69,107.36
31,0,311.95,108.76
31,1,313.09,107.49
31,2,313.09,105.58
31,3,310.56,104.44
31,4,308.78,101.14
31,5,302.69,96.19
31,6,295.71,94.67
31,7,289.62,90.87
31,8,281.76,89.09
31,9,280.61,89.85
31,10,272.24,88.20
32,0,310.30,106.85
32,1,308.15,114.59
32,2,303.20,119.67
32,3,296.09,119.54
32,4,293.05,120.81
32,5,289.37,124.11
32,6,281.38,126.90
32,7,277.06,129.94
32,8,271.10,130.07
32,9,269.70,131.08
32,10,264.12,128.80
32,11,262.60,125.76
32,12,260.70,124.99
32,13,260.31,123.73
32,14,258.03,122.20
32,15,255.75,122.46
32,16,246.87,114.34
32,17,238.49,108.50
33,0,351.54,172.70
33,1,345.70,172.95
34,0,354.45,127.28
34,1,353.44,123.73
34,2,354.83,119.79
34,3,356.74,118.52
34,4,357.88,116.49
34,5,361.05,106.47
34,6,365.75,99.75
34,7,366.51,91.50
34,8,368.54,87.69
34,9,367.39,82.37
34,10,368.41,69.93
34,11,361.56,57.25
34,12,367.14,52.17
35,0,357.63,116.88
35,1,358.89,115.48
35,2,361.69,115.10
35,3,363.46,113.96
35,4,362.45,110.28
35,5,362.70,106.73
35,6,369.55,95.43
35,7,369.80,91.50
35,8,368.54,87.69
36,0,283.79,28.19
36,1,293.81,24.64
37,0,472.70,111.55
37,1,472.44,108.76
37,2,473.46,104.82
37,3,474.35,102.67
37,4,475.87,102.03
37,5,478.15,95.18
37,6,479.80,93.28
37,7,482.47,94.80
38,0,439.71,134.13
38,1,435.14,135.53
38,2,431.46,134.26
38,3,428.93,134.13
38,4,426.64,135.02
38,5,426.01,134.38
38,6,425.50,128.55
38,7,423.98,127.15
38,8,417.89,127.53
38,9,411.67,126.64
38,10,407.74,127.91
38,11,406.34,126.64
38,12,405.84,124.36
38,13,403.55,123.60
38,14,400.25,124.11
38,15,395.31,123.22
39,0,450.75,125.38
39,1,449.35,121.95
39,2,449.10,117.13
40,0,561.13,310.74
40,1,568.99,301.85
40,2,571.91,297.41
40,3,573.81,293.10
40,4,574.58,288.79
40,5,582.44,278.51
40,6,583.84,270.77
40,7,585.61,269.37
40,8,590.82,273.31
40,9,595.13,274.96
40,10,604.90,276.99
40,11,618.60,278.38
40,12,642.33,285.87
40,13,647.27,285.87
40,14,653.87,282.95
40,15,659.45,283.71
40,16,667.57,286.25
41,0,183.68,315.18
41,1,188.51,308.71
41,2,195.99,303.76
41,3,201.83,298.05
41,4,223.01,288.28
42,0,139.53,23.37
42,1,135.73,24.39
42,2,132.68,27.18
42,3,115.43,31.87
43,0,120.25,456.00
43,1,123.29,457.91
44,0,655.90,33.01
44,1,657.42,41.26
44,2,657.42,44.56
44,3,656.41,45.83
44,4,664.40,46.71
44,5,667.57,51.28
45,0,355.34,186.40
45,1,356.99,187.80
45,2,362.95,189.95
45,3,363.33,194.14
45,4,361.69,198.45
45,5,358.26,200.99
45,6,354.71,206.83
45,7,348.11,211.14
45,8,338.09,209.49
45,9,328.95,206.57
45,10,325.27,203.66
45,11,324.13,201.63
45,12,322.10,206.83
45,13,322.48,210.25
45,14,318.17,208.48
45,15,310.43,212.41
45,16,306.62,213.04
45,17,304.21,214.95
46,0,267.17,90.11
46,1,267.93,82.11
46,2,273.00,77.67
46,3,283.66,60.29
46,4,284.67,56.74
46,5,284.42,54.71
46,6,286.45,48.87
46,7,285.94,45.32
46,8,280.36,35.42
46,9,280.49,33.52
46,10,283.79,28.19
46,11,278.96,30.98
46,12,276.93,33.52
46,13,275.92,33.52
46,14,275.67,30.48
46,15,273.00,30.73
46,16,271.86,32.63
46,17,268.43,28.70
46,18,265.52,28.95
46,19,256.89,26.67
46,20,247.25,25.91
46,21,242.30,26.92
46,22,235.07,26.42
46,23,228.22,20.96
46,24,227.20,19.31
46,25,225.30,20.71
46,26,223.01,20.96
46,27,225.42,18.04
46,28,220.73,19.82
46,29,223.01,16.77
46,30,222.38,16.14
46,31,214.26,18.55
46,32,207.41,18.42
46,33,207.79,17.28
46,34,210.07,16.39
46,35,211.98,14.24
46,36,212.36,9.03
46,37,215.28,6.24
46,38,219.59,4.09
46,39,223.27,1.04
47,0,240.40,26.80
47,1,233.93,29.71
47,2,232.15,31.36
47,3,230.25,31.24
47,4,226.69,33.27
47,5,223.39,34.03
47,6,221.36,36.18
47,7,208.93,41.01
47,8,207.03,43.16
47,9,203.73,53.82
48,0,215.28,6.24
48,1,211.98,7.64
48,2,199.92,7.89
48,3,194.47,10.56
48,4,192.31,10.30
48,5,182.03,16.01
48,6,168.84,19.69
48,7,164.27,21.72
48,8,164.40,22.61
48,9,167.95,22.61
48,10,168.84,23.50
48,11,168.97,25.40
48,12,164.53,27.18
48,13,163.77,43.92
48,14,162.88,47.22
49,0,139.28,32.51
49,1,137.38,28.57
49,2,137.50,26.67
49,3,139.53,23.37
49,4,142.96,21.09
49,5,151.71,19.69
49,6,151.08,15.89
49,7,135.98,8.02
49,8,132.94,3.71
50,0,147.53,47.86
50,1,157.80,41.39
50,2,159.45,39.61
50,3,162.88,47.22
51,0,155.77,42.66
51,1,160.34,46.84
51,2,162.62,46.84
52,0,167.06,60.54
52,1,164.53,62.19
52,2,163.51,64.35
52,3,161.35,63.84
52,4,153.23,53.82
52,5,148.54,50.77
52,6,142.20,38.72
53,0,167.06,60.54
53,1,162.88,47.22
54,0,185.33,81.60
54,1,187.11,77.93
54,2,191.04,75.13
54,3,191.17,72.98
54,4,192.95,71.58
54,5,193.45,68.28
54,6,192.57,65.24
54,7,190.28,64.22
54,8,188.25,61.94
54,9,184.06,60.42
54,10,182.80,56.23
54,11,179.37,53.44
55,0,173.91,139.20
55,1,176.71,142.12
55,2,189.27,144.79
55,3,188.76,138.82
55,4,190.54,132.35
55,5,187.24,124.11
56,0,189.27,144.79
56,1,189.27,149.10
56,2,190.28,153.03
56,3,196.63,163.69
56,4,230.63,189.95
57,0,481.45,0.66
57,1,481.20,9.92
57,2,482.21,12.71
57,3,483.10,13.22
57,4,485.00,12.08
57,5,489.70,15.00
57,6,498.58,14.36
57,7,506.70,11.19
57,8,512.03,4.21
57,9,515.83,1.04
57,10,515.96,2.06
57,11,510.51,11.70
57,12,511.65,12.33
57,13,513.42,11.83
57,14,515.96,9.16
57,15,518.24,8.65
57,16,518.50,7.38
57,17,521.29,8.02
57,18,523.45,7.26
57,19,525.73,11.06
57,20,531.82,11.44
57,21,535.12,15.38
57,22,536.26,15.50
57,23,541.72,21.09
57,24,542.48,20.33
57,25,539.81,14.87
57,26,539.31,12.08
57,27,544.00,7.77
57,28,543.49,3.58
57,29,544.51,1.55
57,30,546.16,3.20
57,31,545.40,10.94
57,32,546.41,11.32
57,33,550.22,4.72
57,34,550.34,1.93
57,35,551.36,1.80
57,36,552.25,3.07
57,37,552.37,8.78
57,38,553.39,9.03
57,39,556.05,5.35
57,40,556.81,2.31
57,41,561.89,0.28
57,42,562.27,5.86
57,43,560.87,8.27
57,44,561.89,9.29
57,45,565.57,7.51
57,46,571.28,1.80
58,0,650.45,4.72
58,1,649.94,9.16
58,2,651.21,16.90
58,3,655.90,33.01
59,0,414.34,407.92
59,1,410.40,398.66
59,2,413.70,393.84
59,3,415.99,385.46
59,4,421.44,376.84
59,5,420.55,374.81
59,6,420.81,370.24
59,7,415.48,362.63
59,8,415.35,361.10
59,9,417.64,357.17
60,0,233.16,306.68
60,1,232.28,313.78
61,0,212.61,248.95
61,1,208.55,251.61
61,2,210.83,260.11
61,3,212.48,261.00
61,4,214.51,260.62
61,5,216.04,265.70
62,0,210.71,259.73
62,1,201.45,262.78
63,0,208.68,250.98
63,1,207.28,250.22
63,2,205.63,243.75
64,0,220.10,237.28
64,1,217.31,240.70
64,2,216.54,242.99
65,0,231.64,273.94
65,1,228.09,273.43
65,2,226.06,268.61
65,3,224.41,268.61
65,4,221.49,265.31
65,5,219.72,259.61
65,6,214.89,254.40
65,7,212.61,248.95
65,8,212.74,245.78
65,9,208.42,236.64
65,10,202.84,234.10
65,11,197.51,225.86
65,12,192.57,223.07
65,13,185.33,215.71
65,14,183.43,214.82
65,15,175.69,204.42
65,16,172.01,203.02
65,17,170.87,201.50
66,0,230.37,329.77
66,1,241.41,332.05
66,2,243.57,333.32
66,3,244.71,335.09
67,0,117.84,182.98
67,1,115.43,182.34
68,0,399.87,433.80
68,1,401.27,457.91
69,0,499.59,443.57
69,1,499.59,445.85
70,0,147.15,47.22
70,1,145.37,48.87
70,2,142.45,49.51
70,3,141.56,48.74
70,4,140.29,44.05
71,0,265.90,432.15
71,1,258.41,445.09
72,0,242.30,375.57
72,1,246.74,374.68
72,2,246.99,373.79
72,3,251.18,372.65
72,4,250.80,370.49
72,5,252.96,369.10
73,0,219.46,390.66
73,1,219.34,395.87
73,2,229.87,395.23
74,0,230.25,387.37
74,1,223.27,389.01
74,2,215.78,392.31
75,0,231.13,383.43
75,1,236.97,383.81
75,2,240.27,380.90
75,3,242.43,377.09
75,4,242.17,373.79
76,0,230.25,387.62
76,1,235.83,389.27
76,2,241.16,389.01
77,0,236.97,383.81
77,1,242.68,383.81
77,2,248.01,384.83
77,3,251.56,391.55
78,0,248.01,384.83
78,1,249.91,380.13
78,2,248.64,371.89
79,0,320.32,446.74
79,1,320.20,448.39
79,2,314.36,457.91
80,0,310.18,446.61
80,1,311.06,450.42
80,2,310.05,452.96
81,0,485.39,100.25
81,1,484.75,108.76
81,2,482.21,109.90
81,3,472.70,111.55
81,4,471.68,113.20
81,5,469.02,114.46
81,6,467.24,118.90
81,7,465.09,120.17
81,8,461.03,120.93
81,9,454.81,125.50
81,10,452.40,126.01
81,11,450.75,125.38
81,12,439.71,134.13
81,13,442.12,141.61
81,14,445.04,155.82
82,0,484.75,108.76
82,1,488.81,106.98
83,0,473.33,425.68
83,1,474.47,433.80
84,0,486.15,370.75
84,1,479.80,373.16
84,2,472.57,372.90
84,3,471.81,374.17
85,0,461.15,375.06
85,1,466.99,375.57
85,2,467.50,372.90
86,0,460.52,377.47
86,1,450.50,375.82
86,2,454.43,365.16
87,0,452.78,368.97
87,1,449.23,365.92
87,2,448.97,364.91
87,3,451.26,362.37
88,0,421.44,401.96
88,1,420.43,404.49
88,2,414.34,407.92
89,0,450.50,375.82
89,1,449.73,380.77
89,2,453.41,387.75
90,0,448.59,433.55
90,1,446.05,415.78
90,2,451.13,408.17
90,3,451.51,401.07
90,4,453.67,396.88
90,5,453.41,387.75
90,6,455.95,386.73
90,7,461.15,375.06
90,8,460.77,370.24
91,0,426.01,431.14
91,1,430.32,430.63
92,0,424.11,430.88
92,1,410.15,428.85
93,0,422.46,424.16
93,1,417.76,425.55
94,0,426.77,432.79
94,1,426.01,431.14
94,2,424.11,430.88
94,3,424.11,428.22
94,4,420.81,419.84
94,5,414.34,407.92
95,0,414.34,408.81
95,1,410.78,414.26
95,2,411.17,417.56
96,0,411.04,416.04
96,1,408.50,416.67
96,2,406.60,419.21
96,3,402.79,421.37
96,4,402.66,423.14
96,5,403.68,425.17
96,6,406.34,422.89
96,7,410.15,421.37
97,0,355.34,186.40
97,1,354.83,188.68
97,2,357.50,193.12
97,3,357.12,194.52
97,4,349.25,198.71
98,0,359.40,188.68
98,1,356.23,191.22
99,0,352.30,183.36
99,1,350.52,183.74
99,2,349.38,185.01
99,3,349.00,187.04
100,0,187.24,124.11
100,1,188.00,113.83
100,2,190.03,106.47
100,3,193.58,99.75
100,4,196.88,96.83
100,5,199.54,96.32
100,6,212.10,98.10
100,7,208.55,96.70
100,8,204.24,96.19
100,9,200.30,94.16
100,10,181.91,78.05
100,11,171.50,71.96
100,12,168.21,67.65
100,13,166.81,63.97
100,14,167.06,60.54
101,0,212.10,98.10
101,1,215.02,98.35
101,2,243.19,94.16
101,3,254.35,90.49
101,4,267.17,90.11
101,5,274.14,92.64
101,6,303.70,99.49
101,7,306.62,101.27
101,8,310.30,106.85
101,9,316.65,113.07
101,10,326.80,117.38
101,11,336.69,119.54
101,12,342.91,121.82
101,13,354.45,127.28
101,14,357.75,130.20
101,15,360.16,133.88
101,16,363.33,144.03
101,17,374.63,154.30
101,18,368.16,152.27
101,19,362.45,152.91
101,20,359.40,155.32
101,21,357.63,158.11
101,22,356.61,164.07
101,23,351.15,166.99
101,24,351.92,177.77
101,25,353.44,180.69
101,26,352.30,183.36
101,27,355.34,186.40
102,0,603.00,53.95
102,1,604.01,52.93
102,2,606.55,52.55
102,3,615.56,54.33
102,4,619.23,59.40
102,5,623.55,59.91
102,6,629.64,66.89
102,7,635.85,80.46
102,8,638.90,82.87
102,9,639.66,85.28
102,10,644.23,90.49
102,11,645.50,90.23
102,12,648.80,87.06
102,13,649.30,85.28
102,14,655.01,82.75
102,15,659.83,84.02
102,16,662.75,81.99
102,17,667.57,83.25
103,0,374.63,154.30
103,1,380.97,154.43
103,2,388.96,149.48
103,3,393.66,148.34
103,4,413.32,145.42
103,5,423.73,146.82
103,6,430.07,149.23
103,7,435.40,153.03
103,8,445.04,155.82
104,0,499.98,433.29
104,1,497.69,421.49
104,2,493.25,409.31
105,0,472.44,374.81
105,1,466.61,372.65
105,2,466.86,371.51
105,3,456.33,369.22
105,4,456.33,366.30
105,5,451.26,362.37
105,6,446.05,354.00
105,7,444.15,349.43
105,8,439.46,343.85
105,9,434.00,333.83
105,10,436.03,325.96
105,11,440.60,321.01
105,12,448.21,305.41
105,13,449.73,292.85
105,14,448.97,290.44
105,15,449.10,282.06
105,16,450.75,271.28
105,17,457.85,264.68
105,18,461.03,263.16
105,19,474.09,259.99
105,20,476.50,258.46
105,21,483.48,245.78
105,22,487.80,240.19
105,23,488.94,233.98
105,24,486.40,221.92
105,25,478.66,208.48
105,26,472.57,202.39
105,27,463.94,179.04
105,28,460.90,173.21
105,29,451.89,160.52
105,30,445.04,155.82
106,0,223.01,288.28
106,1,228.72,284.47
106,2,231.64,284.09
107,0,137.76,189.32
107,1,156.53,194.27
107,2,170.87,201.50
107,3,176.58,202.64
107,4,181.27,204.54
107,5,215.15,229.92
107,6,228.09,249.20
107,7,232.28,257.45
107,8,232.91,261.00
107,9,231.64,273.94
107,10,233.80,277.24
107,11,234.43,280.54
107,12,231.64,284.09
107,13,232.91,287.14
108,0,137.76,189.32
108,1,131.41,188.30
108,2,127.61,186.15
108,3,118.09,183.86
108,4,117.84,182.98
109,0,137.76,189.32
109,1,133.70,184.88
109,2,122.41,179.42
109,3,115.43,173.97
110,0,115.43,455.50
110,1,120.12,455.37
110,2,120.12,456.89
111,0,600.58,457.91
111,1,599.57,456.76
111,2,592.08,455.75
111,3,583.46,457.40
111,4,581.17,456.64
111,5,569.37,448.64
111,6,567.34,448.39
111,7,561.38,450.29
111,8,556.56,449.15
111,9,546.41,441.03
111,10,537.78,436.72
111,11,532.96,435.96
111,12,517.23,436.46
111,13,491.09,432.41
111,14,469.15,434.31
111,15,413.58,432.66
111,16,399.87,433.80
111,17,394.04,435.58
111,18,381.73,437.35
111,19,362.95,443.95
111,20,354.71,444.33
111,21,348.11,441.16
111,22,342.53,440.40
111,23,326.03,444.08
111,24,321.21,446.74
111,25,290.64,445.60
111,26,272.11,438.75
111,27,269.32,437.10
111,28,263.11,429.11
111,29,251.69,419.97
111,30,246.23,413.25
111,31,233.93,408.68
111,32,230.37,404.37
111,33,229.87,395.23
111,34,231.26,382.04
111,35,231.01,354.13
111,36,227.20,344.48
111,37,226.95,341.06
111,38,230.63,328.62
111,39,232.28,313.78
112,0,121.39,457.91
112,1,120.12,456.89
112,2,116.95,456.76
112,3,115.43,457.53
113,0,687.62,4.21
113,1,698.15,0.15
113,2,708.93,2.31
113,3,715.53,2.18
114,0,655.90,33.01
114,1,657.42,41.26
114,2,657.42,44.56
114,3,656.41,45.83
114,4,664.40,46.71
114,5,667.07,50.90
114,6,671.13,54.20
114,7,675.19,55.22
114,8,679.88,61.81
114,9,691.55,72.34
114,10,688.38,77.04
114,11,688.76,80.34
115,0,785.69,148.97
115,1,781.00,142.50
115,2,775.92,132.99
115,3,774.02,131.59
115,4,771.61,126.90
115,5,767.80,121.95
115,6,764.50,113.07
115,7,759.30,106.73
115,8,758.29,103.93
115,9,753.47,100.76
115,10,752.45,99.11
116,0,848.11,157.98
116,1,850.01,155.32
116,2,851.03,148.47
116,3,856.74,135.27
116,4,858.64,126.52
116,5,856.48,125.38
116,6,854.33,119.92
116,7,851.54,104.06
116,8,851.41,94.93
116,9,850.52,93.91
116,10,846.46,93.15
116,11,846.34,92.39
116,12,852.04,87.82
116,13,853.57,87.44
116,14,856.23,88.20
116,15,855.98,82.75
116,16,854.84,80.08
116,17,852.04,76.78
116,18,846.72,74.12
116,19,843.67,66.51
116,20,833.39,52.80
116,21,833.39,43.04
116,22,830.86,39.99
116,23,825.78,41.51
116,24,824.77,40.88
116,25,822.61,35.80
116,26,821.21,35.17
116,27,817.92,30.98
117,0,856.74,135.27
117,1,860.16,136.67
117,2,864.73,129.44
117,3,868.54,115.86
117,4,868.41,111.80
118,0,868.54,115.48
118,1,872.85,117.00
118,2,874.50,122.33
118,3,874.50,125.38
118,4,875.26,125.63
118,5,877.55,122.84
118,6,877.93,123.35
118,7,876.91,129.56
119,0,882.24,19.44
119,1,882.49,20.96
119,2,888.33,27.18
119,3,885.54,33.90
119,4,888.71,41.51
119,5,895.43,50.14
119,6,906.85,55.98
119,7,907.74,57.25
119,8,904.06,68.41
119,9,900.64,72.72
119,10,898.86,78.94
119,11,899.49,86.05
119,12,896.58,92.90
119,13,893.79,115.48
119,14,894.93,132.10
119,15,894.17,136.54
119,16,891.76,138.95
119,17,890.99,143.90
119,18,901.14,160.14
119,19,904.57,162.68
119,20,905.84,165.72
119,21,904.57,175.74
119,22,905.71,181.20
119,23,903.43,184.12
119,24,901.52,192.11
119,25,901.91,197.31
119,26,903.55,199.60
119,27,908.88,201.24
119,28,920.43,206.57
119,29,925.63,212.66
119,30,927.53,218.63
119,31,930.07,220.40
119,32,936.41,228.40
120,0,833.39,52.80
120,1,834.66,50.65
120,2,839.86,51.28
120,3,847.60,56.23
120,4,852.81,56.74
120,5,854.84,56.10
120,6,857.88,54.07
120,7,860.80,50.01
120,8,861.56,46.59
120,9,859.91,43.42
121,0,966.86,0.03
122,0,966.86,0.03
122,1,969.78,6.24
122,2,978.28,19.06
122,3,978.41,26.67
122,4,981.58,32.38
122,5,987.54,36.69
122,6,992.49,38.21
122,7,996.81,42.78
122,8,1003.91,46.46
122,9,1005.05,51.66
122,10,1010.38,57.37
122,11,1014.95,75.77
122,12,1020.91,94.04
123,0,958.87,208.22
123,1,962.30,206.32
123,2,966.61,205.43
123,3,969.27,199.21
123,4,975.24,195.92
123,5,976.51,195.92
123,6,980.06,196.42
123,7,986.78,199.85
123,8,994.65,200.61
123,9,1001.12,208.60
123,10,1003.28,209.75
123,11,1014.82,208.48
123,12,1019.90,209.62
123,13,1025.60,209.24
123,14,1028.52,211.01
123,15,1031.06,209.36
123,16,1041.21,209.87
124,0,1079.65,313.78
124,1,1074.45,314.03
124,2,1062.78,309.59
124,3,1046.16,307.31
124,4,1035.75,303.25
125,0,963.82,192.24
125,1,958.87,208.22
125,2,955.06,210.76
125,3,951.89,215.71
125,4,946.06,221.16
125,5,941.24,223.95
125,6,935.91,228.90
125,7,932.99,230.30
125,8,924.62,231.95
125,9,910.41,238.67
125,10,899.24,241.97
125,11,893.40,245.78
125,12,885.67,246.54
125,13,877.67,249.46
125,14,873.99,255.93
125,15,870.06,259.99
125,16,864.60,261.26
125,17,859.40,264.30
125,18,854.20,268.99
126,0,734.18,99.62
126,1,736.46,105.58
126,2,739.51,110.15
126,3,740.65,114.85
126,4,742.43,116.49
126,5,742.30,123.98
126,6,741.29,126.90
126,7,736.72,133.75
126,8,730.12,137.68
126,9,725.05,145.67
126,10,721.87,154.94
126,11,715.02,161.79
126,12,712.10,166.48
126,13,708.43,175.49
126,14,704.11,182.59
126,15,703.60,188.30
126,16,703.60,201.24
126,17,707.03,213.17
126,18,707.03,218.88
126,19,710.07,223.57
126,20,712.23,234.87
126,21,712.74,244.25
126,22,711.72,269.88
126,23,713.12,274.07
126,24,713.25,279.52
126,25,714.64,286.25
126,26,718.07,293.86
126,27,718.07,295.64
127,0,635.09,283.58
127,1,642.33,285.87
127,2,647.27,285.87
127,3,653.87,282.95
127,4,659.45,283.71
127,5,666.81,286.50
127,6,671.00,284.85
127,7,675.06,284.85
127,8,676.96,286.00
128,0,746.99,383.18
128,1,731.64,387.24
128,2,728.85,386.86
128,3,725.81,388.13
128,4,715.53,385.97
128,5,708.68,386.86
128,6,705.63,385.84
129,0,843.16,450.80
129,1,844.05,453.34
129,2,847.60,457.91
130,0,675.57,87.57
130,1,681.40,89.98
130,2,684.32,89.72
131,0,790.00,109.52
131,1,782.65,104.19
131,2,778.08,96.83
132,0,1040.83,412.61
132,1,1041.72,421.24
133,0,1020.91,457.91
133,1,1027.76,415.78
133,2,1033.60,412.11
133,3,1039.43,412.99
133,4,1042.61,412.36
134,0,835.68,359.33
134,1,833.39,359.96
134,2,828.57,359.33
134,3,827.30,358.44
135,0,749.15,400.43
135,1,746.74,400.05
135,2,745.22,395.99
136,0,650.45,4.72
136,1,649.94,9.16
136,2,651.21,16.90
136,3,655.90,33.01
137,0,761.33,95.69
137,1,762.98,94.55
137,2,766.28,94.04
137,3,778.08,96.83
138,0,868.92,362.24
138,1,862.45,364.78
138,2,855.34,366.30
139,0,836.69,375.69
139,1,840.50,374.42
140,0,842.40,361.99
140,1,840.50,361.36
140,2,839.10,359.33
140,3,835.68,359.33
141,0,840.12,367.95
141,1,846.97,366.81
142,0,821.47,352.22
142,1,822.61,350.83
142,2,821.09,342.20
143,0,823.24,355.27
143,1,821.09,351.71
143,2,818.30,351.59
143,3,814.49,348.67
144,0,827.30,358.44
144,1,826.16,358.19
144,2,824.51,355.39
144,3,823.24,355.27
144,4,819.44,357.17
144,5,818.17,359.45
144,6,819.06,373.92
144,7,821.60,383.31
145,0,818.93,370.75
145,1,808.91,370.11
146,0,849.89,306.68
146,1,854.07,306.80
146,2,856.48,308.07
146,3,859.91,312.64
146,4,864.60,315.43
146,5,866.89,318.60
146,6,868.66,319.62
146,7,870.31,323.93
147,0,851.16,343.09
147,1,854.07,342.96
147,2,862.45,346.01
148,0,862.45,346.01
148,1,860.42,350.45
149,0,871.71,374.55
149,1,870.69,371.63
149,2,871.20,367.07
149,3,866.89,357.93
149,4,865.11,356.28
150,0,868.79,361.99
150,1,874.25,356.16
150,2,878.18,354.89
151,0,866.63,346.77
151,1,869.55,347.53
151,2,873.87,350.95
151,3,875.77,351.46
151,4,878.18,354.89
151,5,879.96,355.90
152,0,783.53,245.02
152,1,784.29,249.08
153,0,780.11,257.58
153,1,781.00,258.97
153,2,780.49,264.43
154,0,768.44,260.24
154,1,762.73,262.78
155,0,776.94,252.88
155,1,775.03,248.19
156,0,779.22,252.25
156,1,771.48,255.17
157,0,779.35,247.93
157,1,780.36,251.36
158,0,763.74,371.13
158,1,762.98,373.28
159,0,772.88,442.05
159,1,770.97,439.76
160,0,767.55,445.47
160,1,774.02,441.29
161,0,635.09,78.81
161,1,644.23,90.49
161,2,645.50,90.23
161,3,648.80,87.06
161,4,649.30,85.28
161,5,655.01,82.75
161,6,659.83,84.02
161,7,662.75,81.99
161,8,666.18,82.87
161,9,668.59,83.63
161,10,674.04,88.46
161,11,683.94,81.73
161,12,688.76,80.34
161,13,696.63,84.52
161,14,702.84,84.90
161,15,704.75,85.79
161,16,707.92,85.41
161,17,711.60,86.55
161,18,730.63,100.00
161,19,735.96,99.87
161,20,739.89,102.28
161,21,742.30,102.41
161,22,751.44,99.75
161,23,753.21,98.61
161,24,759.81,97.08
161,25,761.33,95.69
162,0,1020.91,94.04
162,1,1022.05,96.70
162,2,1026.24,100.51
162,3,1030.43,110.02
162,4,1031.06,117.13
162,5,1030.30,129.94
162,6,1034.99,140.85
162,7,1036.77,147.32
162,8,1040.70,149.86
162,9,1044.51,153.67
162,10,1047.30,152.78
162,11,1049.58,153.67
162,12,1051.36,157.47
162,13,1060.11,163.82
162,14,1067.85,172.44
162,15,1073.44,176.00
162,16,1080.79,182.21
163,0,958.87,208.22
163,1,963.95,211.39
163,2,964.58,214.19
163,3,964.20,217.61
163,4,966.10,225.73
163,5,969.27,232.58
163,6,975.74,284.35
164,0,827.43,417.18
164,1,833.90,431.14
164,2,835.55,432.66
164,3,840.75,442.05
164,4,843.16,450.80
165,0,831.87,383.05
165,1,824.13,384.07
165,2,821.09,383.05
165,3,813.98,383.31
165,4,795.33,388.25
165,5,790.38,388.51
166,0,827.69,383.69
166,1,828.57,389.27
167,0,676.96,286.00
167,1,684.57,290.05
167,2,688.38,290.44
167,3,692.31,292.08
167,4,705.38,291.70
167,5,715.91,292.47
167,6,720.35,300.46
167,7,722.76,309.97
167,8,729.11,324.31
167,9,735.96,335.60
167,10,753.34,361.48
167,11,761.58,366.69
167,12,764.25,365.54
167,13,765.26,363.89
167,14,762.35,350.32
167,15,762.85,338.14
167,16,767.42,325.71
167,17,768.69,320.12
167,18,767.80,312.38
167,19,768.56,304.90
167,20,768.18,291.32
167,21,764.88,276.48
167,22,764.50,271.40
167,23,768.94,268.74
167,24,768.44,260.24
167,25,780.11,257.58
167,26,779.22,252.25
167,27,796.47,241.59
167,28,804.72,234.23
167,29,807.00,230.55
167,30,814.24,226.37
167,31,824.51,205.18
167,32,825.02,199.60
167,33,821.09,190.97
167,34,817.66,186.40
167,35,817.54,181.58
167,36,816.39,180.69
167,37,815.63,178.41
167,38,812.33,176.38
167,39,806.50,169.27
167,40,804.72,161.53
167,41,793.30,152.40
167,42,785.69,148.97
168,0,787.21,381.15
168,1,785.69,380.64
168,2,781.25,382.42
168,3,775.16,382.80
168,4,772.62,377.85
168,5,771.10,371.13
168,6,768.94,370.24
168,7,763.74,371.13
168,8,761.58,366.69
169,0,761.58,366.69
169,1,757.65,371.38
169,2,750.17,377.72
169,3,746.99,381.78
169,4,746.99,383.18
169,5,750.67,387.24
169,6,749.15,393.20
169,7,748.90,408.68
169,8,747.38,419.72
169,9,750.67,426.06
169,10,754.35,430.50
169,11,756.26,431.52
169,12,756.64,434.56
169,13,758.92,436.34
169,14,761.20,436.72
169,15,765.39,439.13
169,16,765.26,441.54
169,17,767.55,445.47
169,18,765.14,447.63
169,19,755.62,452.58
169,20,744.58,455.12
169,21,742.30,457.91
170,0,747.38,419.72
170,1,740.40,424.79
170,2,740.78,430.50
170,3,739.26,457.91
171,0,790.38,388.51
171,1,787.21,381.15
172,0,1072.67,233.72
173,0,1073.44,232.07
174,0,1050.47,287.26
174,1,1046.16,289.93
175,0,1035.75,303.25
175,1,1025.48,302.49
175,2,1015.71,295.38
175,3,1003.15,290.44
175,4,1001.50,288.53
175,5,995.41,284.60
175,6,981.20,281.94
175,7,978.15,282.19
175,8,975.74,284.35
175,9,960.14,304.52
175,10,957.47,314.29
175,11,951.89,324.06
175,12,924.11,355.01
175,13,914.08,360.72
175,14,909.90,369.35
175,15,907.61,370.87
175,16,897.72,372.65
175,17,873.23,373.79
175,18,860.67,380.01
175,19,842.15,381.78
175,20,834.79,380.64
176,0,1053.90,275.08
176,1,1046.16,289.93
176,2,1035.75,303.25
176,3,1032.33,306.42
176,4,980.82,340.93
176,5,965.47,352.48
176,6,935.53,372.52
176,7,883.89,404.49
176,8,871.33,408.68
176,9,862.32,410.20
176,10,840.12,411.72
176,11,820.07,411.34
176,12,814.62,408.68
176,13,812.08,403.99
176,14,812.71,396.37
176,15,811.06,393.84
176,16,805.36,389.78
176,17,797.74,387.62
176,18,805.10,390.41
176,19,810.43,394.34
176,20,812.08,398.66
176,21,811.06,401.70
176,22,811.19,404.49
176,23,813.60,409.69
176,24,819.57,412.99
176,25,827.81,414.26
176,26,841.13,414.26
176,27,860.80,412.99
176,28,868.66,411.72
176,29,885.92,406.52
176,30,943.27,370.62
176,31,1027.13,313.15
176,32,1038.17,304.26
176,33,1050.47,287.26
176,34,1075.34,234.87
177,0,821.21,457.91
177,1,823.12,454.10
177,2,825.15,438.75
177,3,826.54,411.72
178,0,749.02,4.47
178,1,755.11,22.48
178,2,756.38,31.62
178,3,753.85,40.50
178,4,753.34,53.57
178,5,757.27,65.75
178,6,764.50,77.29
178,7,770.85,85.79
178,8,777.32,90.61
178,9,786.20,105.71
178,10,800.28,119.29
178,11,820.45,127.79
178,12,845.57,147.96
178,13,848.11,157.98
178,14,851.79,168.00
178,15,854.71,172.95
178,16,867.90,188.56
178,17,868.54,190.46
178,18,869.17,198.45
178,19,867.78,205.56
178,20,857.25,241.21
178,21,855.34,249.71
178,22,854.58,267.34
178,23,849.63,284.47
178,24,848.62,290.82
178,25,848.49,300.46
178,26,853.69,320.00
178,27,853.69,330.40
178,28,852.04,339.53
178,29,848.37,353.49
178,30,842.91,359.96
178,31,841.64,365.54
178,32,838.72,369.86
178,33,834.79,380.64
178,34,831.87,383.05
178,35,828.57,389.27
178,36,827.56,394.72
178,37,826.54,411.72
178,38,827.81,414.26
179,0,827.81,414.26
179,1,825.91,441.03
179,2,822.86,457.53
179,3,822.61,457.91
180,0,67.72,539.61
180,1,71.66,541.51
180,2,71.78,547.10
180,3,67.47,553.82
180,4,66.96,557.37
181,0,114.41,686.78
181,1,114.54,689.83
181,2,108.58,691.73
181,3,114.29,694.14
181,4,125.07,701.63
181,5,127.99,701.37
181,6,133.44,698.20
181,7,136.87,698.84
181,8,138.77,701.50
182,0,67.98,692.75
182,1,78.00,694.01
182,2,84.22,693.00
182,3,90.69,690.46
182,4,97.92,686.28
182,5,100.46,682.98
182,6,104.90,680.69
182,7,108.45,681.71
182,8,116.32,681.83
182,9,124.94,684.37
182,10,127.73,686.78
182,11,130.52,687.67
183,0,91.19,774.07
183,1,90.31,773.82
183,2,86.37,765.70
183,3,84.47,760.11
183,4,84.72,756.82
183,5,82.82,751.11
183,6,84.85,742.35
183,7,78.00,731.95
183,8,73.94,720.66
183,9,72.93,714.57
183,10,74.32,708.86
183,11,77.24,703.66
183,12,79.90,701.88
183,13,89.55,699.98
183,14,98.17,693.51
183,15,102.74,691.10
183,16,114.41,686.78
183,17,127.73,686.78
184,0,133.57,767.35
184,1,132.68,768.36
184,2,124.94,771.41
184,3,110.86,770.77
184,4,107.18,768.49
184,5,102.99,763.16
184,6,101.72,763.16
184,7,99.57,767.47
184,8,94.24,769.50
184,9,92.46,771.41
184,10,91.19,774.07
184,11,91.45,775.34
184,12,93.22,776.48
184,13,92.97,780.03
185,0,147.91,791.20
185,1,138.64,796.02
185,2,136.49,794.37
185,3,132.81,789.42
185,4,127.23,787.77
185,5,126.46,788.28
185,6,126.46,789.80
185,7,127.99,793.99
185,8,118.98,791.07
185,9,118.22,791.45
185,10,121.01,795.39
185,11,115.17,794.75
185,12,113.78,793.86
185,13,112.51,790.31
185,14,109.59,789.17
185,15,107.56,789.55
185,16,103.63,793.36
185,17,99.82,789.93
185,18,98.93,788.79
185,19,98.81,786.12
185,20,92.97,780.03
185,21,89.16,783.84
185,22,87.39,787.01
185,23,85.10,787.77
185,24,84.34,785.87
186,0,136.49,764.30
186,1,135.60,766.84
186,2,134.08,767.73
187,0,133.82,743.62
187,1,134.71,750.47
187,2,132.17,757.70
187,3,132.30,763.16
187,4,131.16,766.08
187,5,135.09,768.23
187,6,138.14,774.32
187,7,144.48,774.32
188,0,142.45,729.41
188,1,147.91,721.93
189,0,147.91,708.35
189,1,145.88,705.43
189,2,144.35,705.05
190,0,147.91,740.70
190,1,143.34,743.37
190,2,133.82,743.62
190,3,134.33,734.99
190,4,135.47,733.22
190,5,138.77,732.33
190,6,142.45,729.41
190,7,141.69,733.47
190,8,147.91,731.57
191,0,147.91,706.70
191,1,146.38,704.80
191,2,140.42,705.69
191,3,139.41,704.42
191,4,138.90,695.54
191,5,140.67,690.72
191,6,137.88,688.94
192,0,120.25,456.00
192,1,122.28,456.89
192,2,125.70,460.19
192,3,130.65,462.35
192,4,130.91,465.01
192,5,132.43,468.06
192,6,136.49,473.89
192,7,135.60,478.21
192,8,136.49,481.00
192,9,139.66,480.87
192,10,143.59,482.14
192,11,146.51,486.20
192,12,147.91,486.83
193,0,135.09,460.44
193,1,135.73,461.59
193,2,133.06,464.63
193,3,132.81,468.56
194,0,54.40,512.46
194,1,52.50,508.78
194,2,48.19,506.37
194,3,45.52,502.82
194,4,46.16,501.42
194,5,51.74,502.31
194,6,53.26,501.17
194,7,54.02,499.01
194,8,52.12,494.06
194,9,51.86,480.87
194,10,54.78,476.30
194,11,51.48,470.09
194,12,50.98,466.66
194,13,51.74,464.00
194,14,54.78,460.82
194,15,53.13,452.07
194,16,53.51,444.08
194,17,57.95,442.68
194,18,71.78,435.70
194,19,71.53,433.93
194,20,66.71,427.71
194,21,63.79,425.43
195,0,45.77,536.06
195,1,47.93,536.06
195,2,52.12,533.78
195,3,56.43,537.96
195,4,59.35,537.20
195,5,61.76,539.23
195,6,67.72,539.61
196,0,49.07,523.88
196,1,51.61,525.78
196,2,47.55,527.18
196,3,44.63,530.22
196,4,47.17,543.04
197,0,32.96,688.31
197,1,37.78,690.46
197,2,46.03,692.62
197,3,48.95,692.62
197,4,53.13,690.34
197,5,57.70,689.19
197,6,59.22,687.92
197,7,64.68,688.56
197,8,67.98,692.75
197,9,62.52,697.82
198,0,4.92,789.80
198,1,7.84,789.17
199,0,83.96,977.57
199,1,86.37,976.18
199,2,93.22,975.54
199,3,93.86,974.78
199,4,93.22,973.64
199,5,88.78,971.61
199,6,87.39,965.77
199,7,85.61,965.14
199,8,81.93,966.28
199,9,78.76,964.63
199,10,74.70,958.92
199,11,72.54,958.16
199,12,69.50,959.43
199,13,65.19,965.27
199,14,58.08,966.28
199,15,52.37,970.09
199,16,48.31,970.85
199,17,46.79,970.21
199,18,44.63,967.17
199,19,41.08,964.12
199,20,41.59,952.33
199,21,37.15,947.50
199,22,35.37,943.57
199,23,30.17,947.38
199,24,24.59,942.94
199,25,13.93,942.30
199,26,5.05,930.00
199,27,6.06,926.19
199,28,5.05,921.75
199,29,0.86,921.24
200,0,9.49,977.57
200,1,15.07,974.91
200,2,16.21,975.42
200,3,16.97,977.57
201,0,135.47,961.59
201,1,131.67,965.14
201,2,132.43,969.96
201,3,129.13,977.57
202,0,147.91,643.90
202,1,146.26,643.27
202,2,144.73,640.09
202,3,142.07,638.95
202,4,139.66,640.47
202,5,139.15,643.27
203,0,2.51,769.25
203,1,2.89,771.15
204,0,3.15,700.87
204,1,12.53,696.43
204,2,14.82,694.14
204,3,19.13,691.86
204,4,30.55,687.80
204,5,32.96,688.31
205,0,147.91,681.20
205,1,146.13,681.07
205,2,144.73,683.10
205,3,140.93,682.85
205,4,137.88,688.94
205,5,136.23,689.07
205,6,133.19,687.42
205,7,130.52,687.67
205,8,130.14,685.01
205,9,131.41,682.98
205,10,131.29,674.48
205,11,133.06,666.86
205,12,135.73,661.66
205,13,138.52,662.17
206,0,71.78,435.70
206,1,76.10,436.97
206,2,79.40,440.14
206,3,80.66,444.71
206,4,82.06,446.49
206,5,87.01,447.63
206,6,92.97,450.80
206,7,96.02,451.44
206,8,100.46,450.80
206,9,103.75,448.77
206,10,106.93,450.67
206,11,109.08,454.73
206,12,111.75,455.62
206,13,120.12,455.37
206,14,120.12,456.89
207,0,3.78,732.84
207,1,8.22,738.80
207,2,13.30,741.59
207,3,18.88,746.67
207,4,22.81,748.06
207,5,26.49,750.47
207,6,30.55,749.33
207,7,32.58,744.38
207,8,34.10,742.73
207,9,36.64,742.99
207,10,39.94,748.19
207,11,42.48,750.47
207,12,42.48,757.32
207,13,43.87,760.24
207,14,44.38,764.05
207,15,51.86,772.42
207,16,60.24,776.73
207,17,63.16,776.23
207,18,65.06,774.20
207,19,66.58,770.77
207,20,68.61,770.52
207,21,71.15,773.56
207,22,81.55,780.03
207,23,83.33,781.94
207,24,84.34,785.87
207,25,80.54,782.06
207,26,74.70,780.03
207,27,74.19,780.67
207,28,75.84,788.79
207,29,73.31,797.67
207,30,66.84,803.12
207,31,58.59,812.51
207,32,55.42,824.95
207,33,55.92,827.74
207,34,59.60,835.35
207,35,61.13,845.88
207,36,66.58,851.46
207,37,79.78,858.31
207,38,81.93,858.95
207,39,88.02,858.57
207,40,94.75,863.52
207,41,97.67,864.40
207,42,110.99,861.99
207,43,113.65,864.02
207,44,114.54,865.67
207,45,112.13,866.94
207,46,109.08,870.24
207,47,108.70,871.76
207,48,107.81,879.50
207,49,108.96,883.43
207,50,114.03,888.89
207,51,119.36,890.79
207,52,120.50,892.57
207,53,120.76,893.84
207,54,118.35,896.38
207,55,119.99,899.93
207,56,119.49,902.59
207,57,121.39,905.38
207,58,128.11,911.60
207,59,132.94,918.20
207,60,143.47,922.13
208,0,125.32,977.57
208,1,129.26,968.82
208,2,130.65,963.36
208,3,142.70,959.81
208,4,147.15,957.91
208,5,147.91,956.89
209,0,147.91,942.81
209,1,146.00,933.17
209,2,142.83,929.36
209,3,141.82,924.29
209,4,143.47,922.13
209,5,147.91,919.85
210,0,147.91,590.74
210,1,145.24,584.65
210,2,142.83,571.33
210,3,142.58,562.07
210,4,143.34,558.52
210,5,147.91,548.87
211,0,147.91,511.32
211,1,145.12,504.09
211,2,136.61,494.06
211,3,127.48,489.62
211,4,127.73,482.77
211,5,121.77,476.56
211,6,121.64,473.38
211,7,124.05,463.87
211,8,121.39,457.78
211,9,120.12,456.89
211,10,116.95,456.76
211,11,110.61,459.94
211,12,101.34,470.21
211,13,94.49,471.35
211,14,86.63,477.32
211,15,84.22,481.00
211,16,72.93,512.33
211,17,69.25,512.84
211,18,64.68,509.16
211,19,62.14,508.78
211,20,58.84,509.54
211,21,54.78,512.33
211,22,52.37,515.25
211,23,49.07,523.88
211,24,40.32,529.72
211,25,28.65,530.35
211,26,13.04,514.87
211,27,9.11,508.65
211,28,2.00,501.17
212,0,499.59,445.85
212,1,501.24,458.16
213,0,617.59,529.21
213,1,641.31,530.10
214,0,211.98,425.43
214,1,242.81,470.72
214,2,254.48,480.87
214,3,270.72,486.20
214,4,313.09,493.56
214,5,337.20,494.06
214,6,392.90,492.29
214,7,425.88,481.89
214,8,446.18,476.81
214,9,462.29,470.34
214,10,472.44,468.56
214,11,492.49,463.36
214,12,513.42,450.55
214,13,522.30,446.61
214,14,527.63,445.09
214,15,533.72,445.60
214,16,547.30,449.03
214,17,556.94,453.21
214,18,576.61,465.01
214,19,584.22,471.99
214,20,593.61,483.15
214,21,610.35,500.92
214,22,623.80,521.09
214,23,625.45,527.56
214,24,624.69,533.27
214,25,622.28,536.95
214,26,572.29,577.80
214,27,564.68,580.84
214,28,550.47,582.24
214,29,540.19,586.43
214,30,529.03,593.02
214,31,519.64,600.00
214,32,483.10,607.23
214,33,470.29,607.49
214,34,452.53,603.17
214,35,443.90,602.29
214,36,436.29,604.70
214,37,427.66,608.88
214,38,423.60,614.21
214,39,421.70,621.57
214,40,416.49,654.30
214,41,409.52,677.27
214,42,409.26,688.81
214,43,410.66,712.41
214,44,416.49,718.75
214,45,449.10,738.67
214,46,476.38,746.54
214,47,524.59,736.01
214,48,551.10,742.10
214,49,569.12,753.64
214,50,575.46,767.22
214,51,581.30,785.36
214,52,575.34,812.13
214,53,544.89,838.65
214,54,527.00,847.66
214,55,515.71,862.75
214,56,437.05,890.54
214,57,418.90,898.40
214,58,402.03,910.71
214,59,394.54,921.50
214,60,392.77,928.85
214,61,394.42,945.09
214,62,392.77,953.21
214,63,389.72,961.21
214,64,376.02,977.57
215,0,379.07,630.07
215,1,379.83,637.56
215,2,376.78,650.24
216,0,135.09,460.44
216,1,135.73,461.59
216,2,133.06,464.63
216,3,132.81,468.56
217,0,120.25,456.00
217,1,122.28,456.89
217,2,125.70,460.19
217,3,130.65,462.35
217,4,130.91,465.01
217,5,132.43,468.06
217,6,136.49,473.89
217,7,135.60,478.21
217,8,136.49,481.00
217,9,139.66,480.87
217,10,143.59,482.14
217,11,146.51,486.20
217,12,149.30,487.34
217,13,154.00,493.68
217,14,157.80,495.97
217,15,166.30,503.45
217,16,169.47,507.64
217,17,169.47,511.32
217,18,166.68,517.16
217,19,165.29,525.91
218,0,188.12,690.97
218,1,184.70,697.95
218,2,182.54,699.60
218,3,182.42,694.65
218,4,181.53,692.24
218,5,178.86,689.57
218,6,174.55,689.45
218,7,171.38,690.59
218,8,166.68,695.54
219,0,285.44,722.43
219,1,284.67,717.11
219,2,279.98,720.28
219,3,272.87,722.81
219,4,265.64,724.21
219,5,268.18,721.80
219,6,266.66,721.55
219,7,253.59,725.23
219,8,255.11,724.21
219,9,257.40,720.15
219,10,267.55,713.81
219,11,265.52,714.06
219,12,251.18,720.40
219,13,241.54,720.40
219,14,249.15,715.84
219,15,248.01,706.32
219,16,246.23,702.64
219,17,235.45,699.09
219,18,230.50,694.40
219,19,224.54,693.51
219,20,222.25,691.35
219,21,219.97,690.72
219,22,216.16,686.40
219,23,214.13,681.20
219,24,203.22,673.21
219,25,201.07,671.94
219,26,196.37,671.30
219,27,194.85,668.39
219,28,191.17,667.24
219,29,186.73,667.50
219,30,179.88,664.58
219,31,174.93,665.85
219,32,171.63,670.54
219,33,169.73,671.81
220,0,255.11,591.63
220,1,257.40,593.02
220,2,259.68,597.21
220,3,261.08,602.54
221,0,269.70,581.48
221,1,273.51,590.36
222,0,257.40,593.02
222,1,261.08,593.79
222,2,261.58,597.72
222,3,269.96,600.00
222,4,270.72,601.78
222,5,270.34,605.20
223,0,279.85,578.18
223,1,282.77,586.30
223,2,289.24,585.54
224,0,281.63,623.60
224,1,283.91,614.59
224,2,277.32,614.47
224,3,269.45,610.41
224,4,275.67,608.76
224,5,270.34,605.20
225,0,255.24,637.30
225,1,256.76,635.15
225,2,263.49,634.89
225,3,272.49,631.97
225,4,278.96,627.41
225,5,281.63,623.60
225,6,283.66,623.47
225,7,288.61,626.14
225,8,292.41,629.06
225,9,294.57,632.23
226,0,375.13,567.14
226,1,372.60,566.51
226,2,369.68,567.14
226,3,368.28,566.51
226,4,365.24,566.76
227,0,421.82,803.50
227,1,424.23,800.33
227,2,424.61,795.39
227,3,426.01,794.62
228,0,414.46,853.87
228,1,416.37,844.48
228,2,418.90,840.42
228,3,425.50,834.72
228,4,428.04,831.16
228,5,429.05,828.75
228,6,428.29,826.09
228,7,431.46,821.39
228,8,432.23,817.97
228,9,430.83,814.16
228,10,428.93,812.64
228,11,424.74,805.15
228,12,421.44,803.12
228,13,422.08,800.46
228,14,421.70,795.51
228,15,420.81,793.74
228,16,421.44,789.42
228,17,424.49,784.85
228,18,423.85,780.41
228,19,431.85,774.32
228,20,433.11,775.09
228,21,436.54,774.70
228,22,442.63,767.98
228,23,446.05,766.97
229,0,667.57,847.40
229,1,662.88,845.50
229,2,656.92,845.25
229,3,653.49,848.80
229,4,651.08,860.34
229,5,648.42,864.78
229,6,646.13,866.56
229,7,640.68,868.59
229,8,632.30,875.31
230,0,360.29,928.22
230,1,364.98,929.36
230,2,365.36,932.53
230,3,368.79,934.69
230,4,365.62,938.62
230,5,364.86,940.78
230,6,367.65,956.26
230,7,360.80,971.23
230,8,360.80,977.57
231,0,368.79,934.69
231,1,381.73,935.20
232,0,324.64,921.75
232,1,336.18,921.11
232,2,337.07,918.70
232,3,335.80,910.58
232,4,333.27,908.17
232,5,330.86,907.16
232,6,330.60,904.88
232,7,337.58,900.94
232,8,340.12,897.01
232,9,341.26,898.40
232,10,342.53,894.60
232,11,344.94,892.32
232,12,347.86,887.49
232,13,348.11,882.04
232,14,350.01,880.01
232,15,355.98,878.23
232,16,357.12,875.82
233,0,308.15,861.99
233,1,309.03,865.42
233,2,313.98,871.38
233,3,314.24,874.55
234,0,285.69,872.90
234,1,289.37,872.40
234,2,293.81,873.54
234,3,299.14,872.02
234,4,302.44,865.16
234,5,303.58,864.40
234,6,308.78,874.17
234,7,307.76,880.77
234,8,309.67,885.97
235,0,296.09,845.25
235,1,288.23,845.37
235,2,287.21,844.10
235,3,277.32,845.75
236,0,305.86,853.11
236,1,308.27,845.25
236,2,306.62,840.81
236,3,307.13,838.39
236,4,305.86,838.14
236,5,301.04,841.69
236,6,294.19,840.68
237,0,308.53,855.40
237,1,307.51,853.62
237,2,300.91,851.59
237,3,294.44,847.53
237,4,296.09,845.25
237,5,302.44,843.72
238,0,305.23,867.83
238,1,305.99,861.49
238,2,307.13,858.95
238,3,308.15,861.99
238,4,308.53,855.40
238,5,310.94,858.95
238,6,312.21,858.44
238,7,309.92,851.97
238,8,310.43,849.94
238,9,313.60,845.63
238,10,317.91,853.62
239,0,288.73,717.49
239,1,290.64,711.65
239,2,290.89,707.84
239,3,290.00,706.19
239,4,287.08,709.49
239,5,283.66,709.37
239,6,284.04,705.69
239,7,281.12,704.42
239,8,276.93,697.06
239,9,270.97,690.46
240,0,285.44,722.43
240,1,282.77,724.72
240,2,272.75,728.78
240,3,265.64,736.14
240,4,263.36,737.02
240,5,250.55,737.53
240,6,245.98,739.94
241,0,303.96,783.21
241,1,304.85,784.47
241,2,310.68,786.63
241,3,313.22,786.12
241,4,317.79,783.08
241,5,325.02,783.46
241,6,327.68,785.62
241,7,334.15,800.59
241,8,332.12,804.27
241,9,330.98,804.52
241,10,328.57,800.21
241,11,324.13,795.64
241,12,320.45,794.75
241,13,319.82,796.65
241,14,321.21,798.43
241,15,321.85,801.22
241,16,319.94,806.17
241,17,316.52,806.55
241,18,311.95,809.21
241,19,311.95,812.39
241,20,313.22,816.45
241,21,315.76,820.38
241,22,311.70,827.10
241,23,308.91,827.48
241,24,303.07,825.71
241,25,297.74,819.49
241,26,297.23,821.90
241,27,298.50,826.47
241,28,285.44,828.12
241,29,277.57,830.27
241,30,274.27,829.13
242,0,279.85,829.89
242,1,281.12,823.42
242,2,282.64,822.79
242,3,290.13,823.42
243,0,287.59,815.81
243,1,285.94,814.67
243,2,284.04,814.67
243,3,279.85,818.35
243,4,279.47,819.74
243,5,271.23,823.80
244,0,264.25,817.97
244,1,264.88,816.70
244,2,261.96,812.77
244,3,266.28,814.54
244,4,274.40,814.42
244,5,275.92,814.04
244,6,276.93,810.99
244,7,280.23,810.99
244,8,279.60,804.39
244,9,280.74,797.54
244,10,281.38,795.64
244,11,283.53,792.85
244,12,285.05,792.09
244,13,286.70,789.17
245,0,240.52,801.35
245,1,238.75,805.03
245,2,235.83,805.28
245,3,235.19,806.04
245,4,235.70,807.69
245,5,238.49,810.74
245,6,238.11,812.01
245,7,230.63,818.48
245,8,229.61,818.60
245,9,226.31,823.55
245,10,222.00,827.23
245,11,222.13,833.83
245,12,223.39,833.45
245,13,228.09,834.97
245,14,231.13,832.30
246,0,196.75,776.73
246,1,203.10,768.74
246,2,202.97,770.01
247,0,195.74,769.25
247,1,197.77,766.71
248,0,253.21,741.85
248,1,253.34,737.15
249,0,265.64,724.21
249,1,262.85,724.97
249,2,252.70,730.68
249,3,236.84,734.61
249,4,230.12,731.82
249,5,219.72,725.73
250,0,218.32,755.29
250,1,217.31,752.88
250,2,218.83,745.91
250,3,215.66,748.44
251,0,183.30,753.77
251,1,180.89,747.55
251,2,177.97,744.64
251,3,172.65,742.35
251,4,158.06,740.45
251,5,152.60,740.58
251,6,150.32,739.31
251,7,143.34,743.37
251,8,133.82,743.62
251,9,134.33,734.99
251,10,135.47,733.22
251,11,138.77,732.33
251,12,142.45,729.41
251,13,141.69,733.47
251,14,149.30,731.19
251,15,159.45,732.20
251,16,155.01,728.65
251,17,153.74,726.49
251,18,152.60,716.09
251,19,149.30,710.89
251,20,148.16,706.96
251,21,146.38,704.80
251,22,140.42,705.69
251,23,139.41,704.42
251,24,138.90,695.54
251,25,140.67,690.72
251,26,137.88,688.94
252,0,142.45,729.41
252,1,148.03,721.80
252,2,149.81,715.08
252,3,147.78,707.84
252,4,145.88,705.43
252,5,144.35,705.05
253,0,133.82,743.62
253,1,134.71,750.47
253,2,132.17,757.70
253,3,132.30,763.16
253,4,131.16,766.08
253,5,135.09,768.23
253,6,138.14,774.32
253,7,144.48,774.32
254,0,136.49,764.30
254,1,135.60,766.84
254,2,134.08,767.73
255,0,192.31,807.56
255,1,192.44,803.63
255,2,191.04,802.74
255,3,190.54,800.84
255,4,192.57,797.80
255,5,192.69,793.48
255,6,193.96,790.94
255,7,195.61,782.70
255,8,196.88,780.41
255,9,195.74,769.25
255,10,196.37,762.65
255,11,190.28,767.98
255,12,176.83,776.35
255,13,165.92,776.48
255,14,164.27,774.83
255,15,158.69,776.86
255,16,154.38,784.47
255,17,153.49,790.56
255,18,152.73,790.56
255,19,150.06,781.18
255,20,148.29,790.94
255,21,139.66,795.89
255,22,138.64,796.02
255,23,136.49,794.37
255,24,132.81,789.42
255,25,127.23,787.77
255,26,126.46,788.28
255,27,126.46,789.80
255,28,127.99,793.99
255,29,118.98,791.07
255,30,118.22,791.45
255,31,121.01,795.39
255,32,115.43,794.75
256,0,238.11,895.49
256,1,235.96,893.33
256,2,233.80,892.57
256,3,229.48,886.61
256,4,228.60,884.45
256,5,229.99,881.40
256,6,225.55,872.65
256,7,217.56,866.31
256,8,217.05,865.29
256,9,217.94,857.55
256,10,213.25,850.95
256,11,210.20,849.81
256,12,207.79,850.32
256,13,201.19,854.00
256,14,200.43,857.55
256,15,197.01,859.20
256,16,194.21,855.14
256,17,192.95,849.31
256,18,186.86,844.10
256,19,180.39,840.30
256,20,180.39,836.11
256,21,181.27,834.97
256,22,183.94,831.92
256,23,187.36,831.54
256,24,187.74,823.80
257,0,133.57,767.35
257,1,132.68,768.36
257,2,124.94,771.41
257,3,115.43,771.03
258,0,115.43,694.90
258,1,125.07,701.63
258,2,127.99,701.37
258,3,133.44,698.20
258,4,136.87,698.84
258,5,138.77,701.50
259,0,115.43,686.78
259,1,127.73,686.78
260,0,115.43,681.83
260,1,124.94,684.37
260,2,127.73,686.78
260,3,130.52,687.67
261,0,229.99,977.57
261,1,225.68,973.39
261,2,226.31,972.24
261,3,229.36,970.59
261,4,234.18,971.10
262,0,303.20,577.29
262,1,325.65,591.38
262,2,331.87,594.04
262,3,333.27,596.70
262,4,333.27,600.51
262,5,336.18,603.56
263,0,616.70,529.08
263,1,613.78,532.25
263,2,596.02,545.45
263,3,583.08,552.30
263,4,579.90,553.69
263,5,574.58,554.08
263,6,551.36,562.70
263,7,542.60,566.89
263,8,531.69,569.68
263,9,526.62,570.19
263,10,511.14,567.40
263,11,500.48,560.80
263,12,483.48,557.25
263,13,476.00,553.19
263,14,463.69,551.03
263,15,459.12,551.03
263,16,448.08,553.06
263,17,443.77,554.58
263,18,439.71,557.50
263,19,434.64,559.15
263,20,429.18,558.26
263,21,426.64,559.40
263,22,423.60,559.40
263,23,420.81,557.12
263,24,406.34,563.97
263,25,403.43,562.58
263,26,391.12,562.83
263,27,387.82,564.48
264,0,413.45,884.07
264,1,408.63,877.98
264,2,403.17,874.68
264,3,401.27,872.52
265,0,382.75,888.89
265,1,383.51,890.29
265,2,383.25,901.45
265,3,381.35,908.81
265,4,382.37,913.12
265,5,380.84,917.31
265,6,382.11,923.65
265,7,380.84,935.20
266,0,362.19,902.59
266,1,365.75,903.99
266,2,367.27,909.95
267,0,358.51,917.69
267,1,357.50,926.95
267,2,356.48,929.49
267,3,356.99,930.00
267,4,360.29,928.22
267,5,363.59,924.54
268,0,366.00,977.57
268,1,366.00,977.45
268,2,364.86,975.80
268,3,365.11,971.61
268,4,376.78,963.87
268,5,379.70,960.06
268,6,382.62,925.94
268,7,383.51,921.88
268,8,389.34,908.17
268,9,392.13,901.96
268,10,413.45,885.46
268,11,413.45,884.07
269,0,387.82,564.48
269,1,382.11,565.37
269,2,378.56,567.40
269,3,375.13,567.14
269,4,375.64,573.36
269,5,371.71,573.23
269,6,371.83,579.58
269,7,377.54,583.38
269,8,380.97,583.38
269,9,387.06,588.08
269,10,389.60,589.09
269,11,395.56,599.50
269,12,395.69,602.54
269,13,394.04,610.41
269,14,389.85,618.27
269,15,383.25,623.22
269,16,383.13,625.50
269,17,379.07,630.07
269,18,374.63,641.36
269,19,372.98,646.31
269,20,375.01,655.32
270,0,403.43,562.58
270,1,402.41,566.13
270,2,403.05,571.71
270,3,401.40,577.55
270,4,396.83,590.23
270,5,394.80,592.26
270,6,397.46,596.45
270,7,395.56,599.50
271,0,151.46,537.71
271,1,152.85,528.83
271,2,158.06,512.33
271,3,158.94,512.33
271,4,159.45,527.56
271,5,161.10,531.49
271,6,163.00,531.49
271,7,165.29,525.91
272,0,160.97,635.91
272,1,155.90,629.44
273,0,161.10,648.72
273,1,146.26,643.27
273,2,144.73,640.09
273,3,142.07,638.95
273,4,139.66,640.47
273,5,139.15,643.27
274,0,161.48,680.31
274,1,158.69,677.14
274,2,158.44,673.59
274,3,152.98,669.02
275,0,237.48,591.76
275,1,235.96,586.68
275,2,236.34,585.79
275,3,237.35,585.54
275,4,239.89,587.44
276,0,293.17,685.39
276,1,292.92,677.90
277,0,286.96,676.38
277,1,289.88,676.76
277,2,297.74,680.06
277,3,299.77,678.54
277,4,297.36,675.49
277,5,299.26,673.46
277,6,305.61,672.57
277,7,306.12,671.56
277,8,304.09,670.67
277,9,306.12,670.16
277,10,306.24,669.40
277,11,303.70,665.60
277,12,304.85,664.96
278,0,365.36,584.14
278,1,377.54,575.52
278,2,381.98,571.46
279,0,365.36,584.14
279,1,364.98,576.15
279,2,363.72,572.09
279,3,365.24,571.71
279,4,371.71,573.23
280,0,377.54,575.52
280,1,379.83,579.32
280,2,380.97,583.38
281,0,399.87,433.80
281,1,401.78,468.06
281,2,393.91,470.47
282,0,499.59,443.57
282,1,499.59,445.85
283,0,645.24,527.05
283,1,643.72,529.72
283,2,641.31,530.10
284,0,510.25,786.76
284,1,520.27,787.27
284,2,522.05,784.85
285,0,520.27,787.27
285,1,522.81,795.77
285,2,525.22,797.67
286,0,286.45,733.98
286,1,291.27,750.85
286,2,292.54,762.65
286,3,286.07,771.41
286,4,286.07,788.53
286,5,287.34,789.80
286,6,292.03,789.04
286,7,303.96,783.21
287,0,289.88,789.04
287,1,291.91,791.58
287,2,292.41,793.74
287,3,289.11,796.91
288,0,217.43,803.76
288,1,212.99,806.04
288,2,208.80,805.41
288,3,203.60,801.22
288,4,195.10,799.57
288,5,194.09,796.53
289,0,220.60,773.44
289,1,220.73,774.45
289,2,225.30,779.15
289,3,228.22,785.74
289,4,227.96,796.78
289,5,226.69,798.43
289,6,218.70,802.74
289,7,213.12,807.56
289,8,209.82,807.69
289,9,206.27,809.47
289,10,192.31,807.56
289,11,187.24,808.20
289,12,183.56,810.10
289,13,182.29,809.09
289,14,182.29,806.93
290,0,246.49,801.35
290,1,241.92,797.54
290,2,238.75,792.59
290,3,238.75,787.27
290,4,240.52,776.61
291,0,270.21,788.91
291,1,270.34,787.01
291,2,268.69,781.68
291,3,270.84,775.34
291,4,270.72,770.77
291,5,269.45,767.22
291,6,259.43,761.26
291,7,257.40,761.13
291,8,255.11,764.94
291,9,257.27,769.00
291,10,255.11,770.01
291,11,248.39,779.65
292,0,217.69,766.46
292,1,222.63,755.42
292,2,223.78,754.79
292,3,228.09,754.91
292,4,230.88,753.26
292,5,234.43,749.33
292,6,248.39,742.23
292,7,253.21,741.85
292,8,267.17,743.24
292,9,277.70,746.79
292,10,284.17,745.40
292,11,286.45,733.98
292,12,285.44,722.43
292,13,291.53,714.69
292,14,295.84,707.84
292,15,298.63,701.63
292,16,295.33,690.34
292,17,292.41,688.31
292,18,293.17,685.39
292,19,289.24,678.66
292,20,286.96,676.38
292,21,279.35,671.56
292,22,278.33,668.64
292,23,271.35,657.22
292,24,267.55,655.83
292,25,267.17,653.03
292,26,266.28,652.40
292,27,261.20,650.50
292,28,260.19,647.96
292,29,259.81,643.01
292,30,255.24,637.30
293,0,186.98,808.33
293,1,186.22,811.88
293,2,183.18,814.42
293,3,182.54,816.07
293,4,183.43,819.36
293,5,187.74,823.80
294,0,135.47,961.59
294,1,131.67,965.14
294,2,132.43,969.96
294,3,129.13,977.57
295,0,184.70,977.57
295,1,186.35,975.67
295,2,187.87,975.92
295,3,189.27,974.91
295,4,194.72,968.06
295,5,204.11,967.68
295,6,206.27,968.57
296,0,667.57,590.74
296,1,664.78,571.84
296,2,667.57,568.03
297,0,667.57,540.75
297,1,664.65,540.63
297,2,664.02,536.19
298,0,265.90,432.15
298,1,258.41,445.09
299,0,320.32,446.74
299,1,320.20,448.39
299,2,315.12,455.75
299,3,310.81,467.55
299,4,305.23,467.68
300,0,310.18,446.61
300,1,311.06,450.42
300,2,310.05,452.96
301,0,512.28,787.14
301,1,512.28,797.16
301,2,513.04,797.42
301,3,513.42,802.24
301,4,516.47,804.14
301,5,519.64,804.14
302,0,255.24,637.30
302,1,246.23,632.23
302,2,243.44,625.38
302,3,230.37,610.66
302,4,228.72,606.85
302,5,231.90,599.37
302,6,230.25,595.69
302,7,227.45,592.26
302,8,228.47,591.12
302,9,237.48,591.76
302,10,242.43,595.94
302,11,248.01,598.23
302,12,249.53,597.85
302,13,257.90,589.22
302,14,259.43,586.43
302,15,264.76,583.00
302,16,290.26,575.01
302,17,296.73,575.26
302,18,303.20,577.29
302,19,309.79,578.05
302,20,316.52,581.48
302,21,321.85,582.87
302,22,327.18,581.99
302,23,329.84,580.72
302,24,339.86,569.30
302,25,342.27,568.41
302,26,352.42,574.37
302,27,355.60,575.01
302,28,357.88,577.67
302,29,361.05,583.76
302,30,362.32,584.65
302,31,364.22,584.90
302,32,365.36,584.14
303,0,557.83,534.54
303,1,557.32,540.50
304,0,647.15,532.13
304,1,644.86,535.17
304,2,643.47,538.72
305,0,647.15,532.13
305,1,650.45,530.48
305,2,662.62,527.31
306,0,660.85,519.06
306,1,664.02,536.19
307,0,667.57,523.25
307,1,662.12,524.39
308,0,473.33,425.68
308,1,474.47,433.80
309,0,448.59,433.55
309,1,447.45,425.43
310,0,426.01,431.14
310,1,430.32,430.63
311,0,426.77,432.79
311,1,426.01,431.14
311,2,424.11,430.88
311,3,424.11,428.22
311,4,422.96,425.43
312,0,418.14,425.43
312,1,417.76,425.55
313,0,424.11,430.88
313,1,410.15,428.85
314,0,169.73,671.81
314,1,168.71,675.62
314,2,164.27,677.65
314,3,159.45,682.47
314,4,146.13,681.07
314,5,144.73,683.10
314,6,140.93,682.85
314,7,137.88,688.94
314,8,136.23,689.07
314,9,133.19,687.42
314,10,130.52,687.67
314,11,130.14,685.01
314,12,131.41,682.98
314,13,131.29,674.48
314,14,133.06,666.86
314,15,135.73,661.66
314,16,138.52,662.17
315,0,645.75,504.21
315,1,647.15,495.59
315,2,644.61,491.65
315,3,641.06,489.12
315,4,632.05,485.06
316,0,617.59,529.21
316,1,605.15,528.57
316,2,587.64,532.63
316,3,575.21,534.16
316,4,564.43,533.01
316,5,562.40,534.16
316,6,557.83,534.54
317,0,579.90,951.31
317,1,574.58,947.38
317,2,565.69,945.09
317,3,550.72,942.94
317,4,546.03,943.44
317,5,544.51,945.09
317,6,542.73,945.09
317,7,535.63,938.75
317,8,532.07,938.37
317,9,526.62,939.64
317,10,519.64,942.43
317,11,512.41,947.12
317,12,505.43,949.28
317,13,502.64,951.06
317,14,497.69,957.27
317,15,495.66,962.98
317,16,496.17,967.42
317,17,495.28,970.47
317,18,492.36,973.01
317,19,490.59,977.57
318,0,598.17,977.57
318,1,595.13,974.91
318,2,591.45,974.65
318,3,585.49,971.23
318,4,584.85,965.01
318,5,581.81,960.70
318,6,581.93,956.00
318,7,579.90,951.31
318,8,572.55,943.83
318,9,568.49,941.67
318,10,547.04,934.82
318,11,545.14,933.17
318,12,544.13,930.00
318,13,542.86,928.98
318,14,539.69,928.85
318,15,536.26,926.57
318,16,530.81,925.05
318,17,525.35,921.37
318,18,522.81,922.89
318,19,514.82,923.53
318,20,510.63,925.94
318,21,503.53,934.31
318,22,501.62,934.31
318,23,496.17,927.97
318,24,494.39,923.91
318,25,477.39,914.14
318,26,475.87,911.47
318,27,472.32,899.67
318,28,470.79,897.14
318,29,468.51,896.25
318,30,450.50,903.99
318,31,447.70,903.86
318,32,442.63,910.97
318,33,431.72,914.01
318,34,419.16,922.64
318,35,406.22,940.78
318,36,406.09,955.88
318,37,400.51,959.05
318,38,400.38,961.97
318,39,398.10,969.58
318,40,396.70,970.34
318,41,394.29,977.57
319,0,519.39,905.38
319,1,518.75,897.64
319,2,517.61,895.99
320,0,394.80,848.67
320,1,400.76,852.60
320,2,404.57,856.41
320,3,406.09,856.66
320,4,407.23,859.71
320,5,406.60,862.12
320,6,408.88,863.01
321,0,406.34,867.32
321,1,403.43,866.69
321,2,396.96,868.21
321,3,393.78,873.66
321,4,387.06,879.37
321,5,389.60,884.32
322,0,242.93,803.76
322,1,258.92,794.75
322,2,262.60,790.82
322,3,266.28,788.91
322,4,270.21,788.91
323,0,597.29,976.18
323,1,593.23,976.18
323,2,591.20,977.57
324,0,641.06,489.12
324,1,641.82,486.71
324,2,643.97,487.21
324,3,650.32,490.13
324,4,658.31,491.78
324,5,661.99,494.06
324,6,661.99,496.60
324,7,665.29,497.49
324,8,664.02,504.34
325,0,665.29,497.49
325,1,667.57,498.00
326,0,499.98,433.29
326,1,498.45,425.43
327,0,490.84,881.28
327,1,496.17,880.90
327,2,499.34,879.25
327,3,501.37,876.96
327,4,506.70,876.20
327,5,509.62,883.43
327,6,514.18,884.83
327,7,516.21,891.30
327,8,521.67,892.44
327,9,521.67,896.12
327,10,519.39,905.38
327,11,518.50,912.87
327,12,512.41,920.10
327,13,510.76,923.14
327,14,510.51,924.29
327,15,512.16,925.05
328,0,115.43,889.40
328,1,119.36,890.79
328,2,120.50,892.57
328,3,120.76,893.84
328,4,118.35,896.38
328,5,119.99,899.93
328,6,119.49,902.59
328,7,121.39,905.38
328,8,128.11,911.60
328,9,132.94,918.20
328,10,143.47,922.13
329,0,115.43,455.50
329,1,120.12,455.37
329,2,120.12,456.89
330,0,666.68,517.54
330,1,667.57,517.03
331,0,660.85,519.06
331,1,660.21,516.14
332,0,658.06,507.39
332,1,656.79,505.99
333,0,490.21,755.42
333,1,491.35,758.21
333,2,500.36,767.09
333,3,506.70,778.38
333,4,509.49,781.30
333,5,510.25,786.76
333,6,510.00,792.59
333,7,506.19,805.03
333,8,504.04,807.06
333,9,499.47,807.82
333,10,489.19,812.77
333,11,480.56,814.92
333,12,473.46,818.73
333,13,467.75,818.86
333,14,457.85,821.27
333,15,455.70,824.44
333,16,455.06,828.75
333,17,453.67,830.78
333,18,448.85,834.59
333,19,442.50,836.62
333,20,438.57,841.95
333,21,427.28,852.10
333,22,418.02,854.63
333,23,414.46,853.87
333,24,411.04,856.79
333,25,410.91,860.98
333,26,406.34,867.32
333,27,399.49,874.05
333,28,393.78,881.78
333,29,381.86,889.52
333,30,379.19,890.41
333,31,372.98,895.11
333,32,366.13,897.01
333,33,361.56,900.05
333,34,362.70,905.13
333,35,359.91,915.66
333,36,358.51,917.69
334,0,148.41,919.34
334,1,162.12,923.78
334,2,167.83,933.04
334,3,173.66,939.89
334,4,180.77,942.43
334,5,190.54,950.17
334,6,201.19,947.25
334,7,205.38,949.91
334,8,207.41,949.53
334,9,213.88,942.05
334,10,229.48,936.09
334,11,232.91,936.09
334,12,237.86,934.18
334,13,245.85,933.55
334,14,249.40,932.03
334,15,254.61,925.56
334,16,258.79,923.53
334,17,263.87,925.56
334,18,267.17,922.51
334,19,269.58,921.62
334,20,276.17,923.40
334,21,278.71,922.13
334,22,287.34,922.89
334,23,292.92,920.10
334,24,309.67,914.39
334,25,312.33,919.09
334,26,311.44,920.99
334,27,306.24,923.02
334,28,298.00,928.47
334,29,293.94,929.11
334,30,292.54,930.00
334,31,292.16,931.39
334,32,293.05,932.15
334,33,294.95,932.03
334,34,301.17,928.98
334,35,306.50,927.84
334,36,313.60,928.47
334,37,318.80,923.65
334,38,324.64,921.75
334,39,334.41,923.78
334,40,340.50,926.19
334,41,342.53,925.43
334,42,350.90,916.17
334,43,351.66,916.67
334,44,352.55,920.23
334,45,352.17,922.76
334,46,352.68,923.78
334,47,353.82,923.78
334,48,355.21,923.02
334,49,358.51,917.69
335,0,658.06,507.39
335,1,660.21,516.14
336,0,667.57,503.07
336,1,662.50,504.85
336,2,652.86,506.12
336,3,641.31,503.07
336,4,632.05,485.06
336,5,627.86,482.14
336,6,624.69,478.59
336,7,615.94,473.89
336,8,609.72,465.90
336,9,602.87,460.70
336,10,599.57,456.76
336,11,592.08,455.75
336,12,583.46,457.40
336,13,581.17,456.64
336,14,569.37,448.64
336,15,567.34,448.39
336,16,561.38,450.29
336,17,556.56,449.15
336,18,546.41,441.03
336,19,537.78,436.72
336,20,532.96,435.96
336,21,517.23,436.46
336,22,491.09,432.41
336,23,469.15,434.31
336,24,413.58,432.66
336,25,399.87,433.80
336,26,394.04,435.58
336,27,381.73,437.35
336,28,362.95,443.95
336,29,354.71,444.33
336,30,348.11,441.16
336,31,342.53,440.40
336,32,326.03,444.08
336,33,321.21,446.74
336,34,290.64,445.60
336,35,269.32,437.10
336,36,263.11,429.11
336,37,258.54,425.43
337,0,664.02,536.19
337,1,650.57,535.42
337,2,648.67,534.16
337,3,646.26,530.60
337,4,645.37,525.91
337,5,647.91,522.36
337,6,666.68,517.54
338,0,664.02,536.19
338,1,667.57,536.57
339,0,125.32,977.57
339,1,129.26,968.82
339,2,130.65,963.36
339,3,142.70,959.81
339,4,147.15,957.91
339,5,148.29,956.39
339,6,149.43,947.00
339,7,146.89,940.02
339,8,146.00,933.17
339,9,142.83,929.36
339,10,141.82,924.29
339,11,143.47,922.13
339,12,147.40,920.35
339,13,149.30,918.58
339,14,152.22,906.65
339,15,159.71,901.45
339,16,160.97,901.70
339,17,161.99,903.10
339,18,166.68,912.87
339,19,176.07,922.76
339,20,179.37,925.05
339,21,183.18,926.44
339,22,197.01,925.43
339,23,202.97,926.82
339,24,218.07,924.41
339,25,227.96,921.62
339,26,237.60,917.56
339,27,242.55,914.64
339,28,247.75,907.16
339,29,250.04,905.00
339,30,251.81,904.49
339,31,255.49,904.88
339,32,270.34,911.35
339,33,277.44,911.47
339,34,285.56,905.64
339,35,295.71,900.18
339,36,296.73,898.53
339,37,297.11,892.57
339,38,296.09,888.89
339,39,288.99,879.75
339,40,282.52,866.43
339,41,276.68,856.66
339,42,276.05,853.49
339,43,277.57,841.57
339,44,276.55,834.72
339,45,272.24,825.20
339,46,262.85,816.83
339,47,247.37,807.31
339,48,241.28,802.36
339,49,232.40,791.33
339,50,229.36,782.95
339,51,218.32,771.15
339,52,217.69,769.38
339,53,218.32,755.04
339,54,219.08,752.63
339,55,222.63,747.94
339,56,222.63,745.02
339,57,211.09,733.85
339,58,209.69,729.28
339,59,205.76,722.31
339,60,203.86,716.22
339,61,195.61,707.46
339,62,191.42,700.49
339,63,188.76,693.63
339,64,186.22,683.74
339,65,180.64,675.11
339,66,175.94,672.32
339,67,168.59,671.43
339,68,165.41,666.23
339,69,160.85,646.44
339,70,161.35,628.42
339,71,162.37,625.25
339,72,161.10,617.64
339,73,153.11,602.67
339,74,145.24,584.65
339,75,142.83,571.33
339,76,142.58,562.07
339,77,143.34,558.52
339,78,151.97,540.25
339,79,150.44,532.25
339,80,150.70,520.58
339,81,150.06,516.90
339,82,145.12,504.09
339,83,143.47,501.68
339,84,136.61,494.06
339,85,127.48,489.62
339,86,127.73,482.77
339,87,121.77,476.56
339,88,121.64,473.38
339,89,124.05,463.87
339,90,121.39,457.78
339,91,120.12,456.89
339,92,116.95,456.76
339,93,115.43,457.53
340,0,635.09,529.84
340,1,641.31,530.10
341,0,682.04,645.04
341,1,684.45,644.92
341,2,687.62,642.63
341,3,691.42,642.76
341,4,692.06,643.65
341,5,690.41,647.45
341,6,688.00,648.34
341,7,687.49,650.37
341,8,684.95,653.80
342,0,692.06,643.65
342,1,697.90,641.62
342,2,703.10,636.16
342,3,708.43,633.62
342,4,709.69,631.21
342,5,711.47,630.32
343,0,843.16,450.80
343,1,844.05,453.34
343,2,847.22,456.64
343,3,849.63,463.87
343,4,852.17,467.55
343,5,851.92,479.98
343,6,848.75,482.77
344,0,892.01,875.19
344,1,897.21,879.88
344,2,895.56,885.21
344,3,894.17,897.52
344,4,898.48,909.44
344,5,910.41,920.73
344,6,911.80,923.91
344,7,913.20,924.41
344,8,917.76,933.68
344,9,920.30,935.45
344,10,924.36,935.71
344,11,933.75,939.77
344,12,938.70,953.85
344,13,937.94,955.24
344,14,938.70,961.08
344,15,940.85,962.35
344,16,943.65,962.48
344,17,947.33,964.38
344,18,950.75,963.87
344,19,953.16,964.89
344,20,961.66,961.97
344,21,956.97,947.63
344,22,954.68,934.31
345,0,923.35,925.68
345,1,948.97,929.23
345,2,954.68,934.31
345,3,970.92,933.42
345,4,980.06,931.52
345,5,992.24,924.29
346,0,829.21,977.57
346,1,824.01,965.90
346,2,822.36,959.94
346,3,814.49,955.62
346,4,812.71,953.85
346,5,810.43,934.18
346,6,807.77,926.06
346,7,793.68,909.70
346,8,785.56,902.85
346,9,780.36,901.07
347,0,779.73,900.31
347,1,786.45,901.58
347,2,790.26,900.56
347,3,795.84,900.82
347,4,802.44,896.50
347,5,809.92,895.99
347,6,812.33,895.11
347,7,823.50,887.37
347,8,836.69,887.49
347,9,843.54,886.48
347,10,844.69,888.13
347,11,847.10,888.76
347,12,848.11,890.16
347,13,852.93,886.73
348,0,758.03,876.33
348,1,751.82,876.84
348,2,749.15,874.43
348,3,744.08,873.54
348,4,738.11,876.46
348,5,726.82,870.37
348,6,713.75,869.86
348,7,708.17,864.28
348,8,707.54,859.58
348,9,672.90,849.56
348,10,662.88,845.50
348,11,658.18,844.87
348,12,656.92,845.25
348,13,653.49,848.80
348,14,651.08,860.34
348,15,648.42,864.78
348,16,646.13,866.56
348,17,640.68,868.59
348,18,635.09,873.03
349,0,768.18,504.98
349,1,775.16,505.23
349,2,778.33,506.37
349,3,781.88,509.29
350,0,711.60,520.45
350,1,713.75,513.73
350,2,708.43,511.70
350,3,706.90,509.80
351,0,673.92,632.86
351,1,674.17,627.15
351,2,669.73,619.41
351,3,670.11,608.00
351,4,664.78,571.84
351,5,668.21,567.14
351,6,670.74,561.31
351,7,667.95,540.75
351,8,664.65,540.63
351,9,664.02,536.19
352,0,1031.31,554.71
352,1,1031.57,552.05
352,2,1030.43,546.84
352,3,1031.06,544.31
352,4,1028.90,541.39
352,5,1028.65,538.72
352,6,1030.43,535.68
352,7,1033.72,533.27
352,8,1034.61,531.62
352,9,1033.47,528.45
352,10,1033.47,517.16
352,11,1030.81,498.76
352,12,1019.90,464.00
352,13,1026.24,425.43
353,0,950.37,783.71
353,1,931.97,715.58
353,2,931.09,714.95
353,3,860.29,754.79
353,4,873.49,817.71
353,5,883.64,828.75
353,6,889.22,830.02
353,7,893.40,832.69
353,8,897.85,836.87
353,9,900.76,840.93
353,10,901.78,845.25
353,11,901.52,847.78
353,12,898.86,854.38
353,13,899.62,861.23
353,14,898.61,864.78
353,15,895.31,871.38
353,16,892.01,875.19
353,17,889.22,876.33
353,18,880.72,875.31
353,19,877.17,876.08
353,20,869.55,879.75
353,21,861.05,880.90
353,22,856.10,882.67
353,23,852.93,886.73
354,0,986.15,741.21
354,1,976.25,744.13
354,2,973.84,743.24
354,3,969.27,744.89
354,4,960.39,743.75
354,5,958.11,744.51
354,6,949.48,743.24
354,7,863.72,770.39
355,0,955.57,782.57
355,1,922.71,789.68
356,0,948.97,896.25
356,1,907.74,727.89
357,0,947.96,827.99
357,1,899.75,852.10
358,0,939.59,858.19
358,1,899.24,868.21
358,2,897.21,867.96
359,0,645.24,527.05
359,1,643.72,529.72
359,2,641.31,530.10
360,0,991.98,750.47
360,1,977.77,754.41
360,2,972.07,754.15
360,3,966.61,755.42
360,4,965.98,756.94
360,5,966.36,761.26
360,6,961.92,768.23
360,7,960.90,778.64
360,8,960.39,779.53
360,9,956.46,781.05
360,10,955.57,782.57
360,11,953.03,795.26
360,12,953.80,798.56
360,13,950.37,803.76
360,14,947.71,817.71
360,15,948.09,828.75
360,16,951.51,840.17
360,17,957.47,848.92
360,18,963.44,855.01
360,19,965.85,860.34
360,20,966.48,863.90
360,21,963.56,874.68
360,22,960.27,882.93
361,0,736.59,507.64
361,1,732.02,512.21
362,0,730.12,543.16
362,1,728.85,553.82
363,0,710.33,535.55
363,1,719.08,536.82
364,0,711.22,532.13
364,1,719.46,533.27
365,0,711.98,529.46
365,1,709.06,541.01
366,0,708.68,528.57
366,1,719.72,530.35
367,0,679.25,524.64
367,1,680.51,537.71
368,0,647.15,532.13
368,1,650.45,530.48
368,2,662.62,527.31
369,0,660.85,519.06
369,1,664.02,536.19
370,0,647.15,532.13
370,1,644.86,535.17
370,2,643.47,538.72
371,0,711.98,519.31
371,1,696.25,515.13
371,2,691.30,514.87
371,3,679.88,516.90
371,4,672.52,521.09
372,0,672.52,521.09
372,1,674.04,524.01
372,2,680.51,524.89
372,3,686.22,524.26
372,4,700.43,526.04
372,5,709.82,525.15
373,0,672.52,521.09
373,1,668.46,522.99
373,2,662.12,524.39
374,0,772.88,442.05
374,1,770.97,439.76
375,0,641.06,489.12
375,1,641.82,486.71
375,2,643.97,487.21
375,3,650.32,490.13
375,4,658.31,491.78
375,5,661.99,494.06
375,6,661.99,496.60
375,7,665.29,497.49
375,8,664.02,504.34
376,0,665.29,497.49
376,1,674.55,499.52
376,2,682.67,497.87
377,0,767.55,445.47
377,1,774.02,441.29
378,0,719.84,529.34
378,1,744.46,532.00
379,0,732.15,527.56
379,1,720.22,525.91
380,0,732.53,523.75
380,1,731.64,533.01
381,0,732.15,527.56
381,1,743.57,528.70
382,0,744.20,534.41
382,1,723.52,532.25
383,0,1024.72,558.39
383,1,1031.31,554.71
384,0,837.58,598.23
384,1,846.84,595.82
384,2,865.11,583.76
384,3,876.53,579.58
384,4,894.93,574.37
384,5,906.73,563.08
384,6,910.66,561.18
384,7,922.08,560.04
384,8,932.10,557.25
384,9,935.27,557.50
384,10,945.17,559.15
384,11,951.13,561.18
384,12,960.14,561.94
384,13,967.50,564.86
384,14,970.67,565.11
384,15,981.20,569.55
384,16,987.80,569.43
384,17,994.39,572.60
384,18,1004.80,569.05
384,19,1012.92,561.69
384,20,1021.16,559.66
385,0,645.75,504.21
385,1,647.15,495.59
385,2,644.61,491.65
385,3,641.06,489.12
385,4,635.09,486.45
386,0,831.24,425.43
386,1,833.90,431.14
386,2,835.55,432.66
386,3,840.75,442.05
386,4,843.16,450.80
387,0,740.40,425.43
387,1,740.78,430.50
387,2,739.26,458.67
387,3,739.76,460.95
387,4,734.31,471.86
387,5,722.00,481.12
388,0,750.29,425.43
388,1,754.35,430.50
388,2,756.26,431.52
388,3,756.64,434.56
388,4,758.92,436.34
388,5,761.20,436.72
388,6,765.39,439.13
388,7,765.26,441.54
388,8,767.55,445.47
388,9,765.14,447.63
388,10,755.62,452.58
388,11,744.58,455.12
388,12,739.76,460.95
389,0,779.60,474.02
389,1,771.86,472.88
390,0,771.86,472.88
390,1,774.02,475.29
390,2,774.40,478.59
390,3,765.01,489.88
390,4,764.63,493.05
391,0,768.06,536.06
391,1,783.41,526.92
391,2,788.86,519.06
391,3,789.24,516.14
391,4,788.61,514.62
391,5,781.88,509.29
391,6,779.47,504.98
391,7,775.29,501.30
391,8,767.29,499.27
392,0,666.68,517.54
392,1,671.51,514.87
392,2,671.51,510.68
392,3,672.14,510.18
392,4,696.25,504.21
392,5,703.60,501.30
392,6,706.52,501.17
392,7,711.85,495.71
392,8,718.07,493.43
392,9,720.61,494.32
392,10,725.17,498.89
392,11,731.52,508.91
392,12,730.76,512.59
392,13,727.96,517.54
392,14,727.84,523.12
393,0,660.85,519.06
393,1,660.21,516.14
394,0,658.06,507.39
394,1,656.79,505.99
395,0,681.15,537.71
395,1,682.04,549.25
395,2,687.49,557.12
395,3,689.52,558.64
395,4,693.07,578.31
395,5,676.96,579.45
395,6,669.60,572.47
395,7,668.21,567.14
396,0,693.07,578.31
396,1,694.47,579.32
396,2,695.10,581.73
396,3,689.14,602.03
396,4,685.84,608.63
396,5,683.81,611.04
396,6,670.24,609.77
397,0,683.81,611.04
397,1,682.04,618.65
397,2,678.86,622.08
397,3,675.69,627.91
397,4,674.04,627.66
398,0,783.41,526.92
398,1,795.33,531.36
399,0,801.42,498.25
399,1,790.64,487.85
399,2,789.88,484.93
400,0,1073.94,710.00
400,1,1073.31,826.72
400,2,1060.75,839.66
401,0,751.94,860.98
401,1,755.62,866.94
401,2,754.99,871.38
401,3,756.00,873.54
401,4,758.03,876.33
401,5,764.50,876.58
401,6,765.90,877.72
401,7,766.41,883.05
401,8,771.10,889.78
401,9,771.99,892.70
401,10,774.78,894.09
401,11,780.36,901.07
401,12,780.36,905.38
401,13,779.35,907.16
401,14,769.07,906.14
401,15,765.39,906.78
402,0,823.88,586.17
402,1,823.63,599.11
402,2,825.40,613.58
402,3,828.19,618.91
402,4,827.18,622.46
402,5,824.77,625.25
403,0,1011.40,793.86
403,1,998.33,807.56
403,2,997.69,813.78
403,3,999.22,823.80
403,4,997.31,832.56
403,5,990.33,846.13
403,6,980.95,852.98
403,7,953.41,891.81
403,8,948.97,896.25
403,9,935.40,903.73
403,10,933.88,905.76
403,11,927.79,921.62
403,12,924.87,923.53
403,13,923.35,925.68
403,14,918.14,927.59
403,15,904.44,930.63
403,16,894.93,934.69
403,17,897.59,955.12
403,18,894.80,958.42
403,19,887.44,963.11
403,20,875.52,977.57
404,0,720.73,522.10
404,1,718.45,542.15
404,2,716.29,543.67
405,0,744.96,524.77
405,1,742.81,547.86
406,0,1021.16,559.66
406,1,1024.72,558.39
407,0,767.29,499.27
407,1,765.39,496.86
407,2,764.63,493.05
408,0,658.06,507.39
408,1,660.21,516.14
409,0,789.88,484.93
409,1,779.60,474.02
410,0,771.86,472.88
410,1,750.55,470.09
410,2,742.93,471.23
410,3,722.00,481.12
410,4,713.75,486.71
410,5,662.50,504.85
410,6,652.86,506.12
410,7,641.31,503.07
410,8,635.09,491.02
411,0,803.45,566.51
411,1,785.44,551.41
412,0,793.43,549.25
412,1,790.38,552.05
412,2,788.86,552.43
412,3,783.79,550.65
413,0,959.12,703.78
413,1,969.02,705.56
413,2,975.62,709.75
413,3,983.23,710.38
413,4,991.48,713.43
413,5,1002.01,711.52
413,6,1006.70,711.52
413,7,1024.08,716.72
413,8,1029.03,716.09
413,9,1032.46,713.43
413,10,1037.28,712.79
413,11,1044.38,709.75
414,0,664.02,536.19
414,1,650.57,535.42
414,2,648.67,534.16
414,3,646.26,530.60
414,4,645.37,525.91
414,5,647.91,522.36
414,6,666.68,517.54
415,0,705.13,539.61
415,1,716.29,543.67
415,2,718.58,546.21
415,3,732.53,556.61
415,4,740.40,560.93
415,5,752.58,573.99
415,6,762.35,583.00
415,7,770.72,592.77
415,8,773.26,597.59
415,9,776.05,608.50
415,10,777.06,622.08
415,11,780.24,625.50
415,12,781.38,628.55
415,13,779.73,640.22
415,14,775.92,653.67
415,15,774.02,657.35
415,16,773.89,661.15
415,17,772.88,663.95
415,18,773.89,674.73
416,0,711.60,520.45
416,1,732.53,523.75
416,2,744.96,524.77
416,3,751.82,526.92
416,4,768.06,536.06
416,5,793.56,559.78
417,0,664.02,536.19
417,1,676.83,537.71
417,2,694.98,537.84
417,3,705.13,539.61
417,4,711.60,520.45
418,0,718.45,542.15
418,1,743.06,544.43
419,0,904.82,671.30
419,1,896.70,663.82
419,2,854.84,615.35
419,3,793.56,559.78
419,4,793.68,538.22
419,5,795.59,522.48
420,0,796.98,511.70
420,1,800.79,497.74
420,2,823.12,454.10
420,3,825.15,438.75
420,4,825.78,425.43
421,0,796.35,522.61
421,1,794.44,546.72
421,2,794.70,552.05
421,3,796.73,558.77
421,4,802.06,565.24
422,0,827.05,425.43
422,1,825.91,441.03
422,2,822.86,457.53
422,3,801.42,498.25
422,4,798.00,511.32
423,0,802.06,565.24
423,1,823.88,586.17
423,2,853.44,612.82
423,3,911.42,678.54
423,4,915.86,682.22
423,5,922.33,686.02
423,6,959.12,703.78
423,7,970.16,715.20
423,8,991.98,750.47
423,9,1005.56,777.24
423,10,1013.55,800.71
423,11,1024.59,824.57
423,12,1029.54,831.04
423,13,1040.32,838.90
423,14,1049.58,842.20
423,15,1052.76,842.07
423,16,1063.79,839.16
423,17,1073.56,841.06
423,18,1080.92,845.63
424,0,798.00,511.32
424,1,796.35,522.61
425,0,795.59,522.48
425,1,796.98,511.70
426,0,6.95,980.11
426,1,10.38,976.68
426,2,15.07,974.91
426,3,16.21,975.42
426,4,17.10,978.08
427,0,85.61,1012.97
427,1,82.06,1012.34
427,2,73.69,1013.73
427,3,69.50,1013.22
427,4,68.10,1011.70
427,5,62.14,1010.43
427,6,60.75,1009.16
427,7,59.48,1002.57
427,8,56.30,1004.72
427,9,51.61,1006.12
427,10,47.93,1005.10
427,11,43.36,1001.04
427,12,36.51,997.11
427,13,26.24,993.81
427,14,24.84,991.15
427,15,25.98,987.98
427,16,25.48,986.20
427,17,21.29,988.23
427,18,19.77,988.10
427,19,16.47,986.58
427,20,12.15,981.38
427,21,6.19,979.98
427,22,4.92,983.28
427,23,4.92,987.09
427,24,2.13,1006.12
428,0,47.80,1032.38
428,1,48.44,1031.24
428,2,55.29,1026.93
428,3,56.30,1025.02
428,4,56.05,1022.87
428,5,55.54,1021.85
428,6,51.61,1019.57
428,7,50.47,1017.41
428,8,51.23,1014.75
428,9,44.63,1009.67
429,0,90.18,1009.80
429,1,80.16,1010.69
429,2,73.43,1010.43
429,3,68.99,1008.66
429,4,66.71,1003.45
429,5,67.34,998.76
429,6,69.63,992.92
429,7,71.15,989.88
429,8,75.46,985.06
429,9,84.34,977.19
429,10,86.37,976.18
429,11,93.22,975.54
429,12,93.86,974.78
429,13,93.22,973.64
429,14,88.78,971.61
429,15,87.39,965.77
429,16,85.61,965.14
429,17,81.93,966.28
429,18,78.76,964.63
429,19,74.70,958.92
429,20,72.54,958.16
429,21,69.50,959.43
429,22,65.19,965.27
429,23,58.08,966.28
429,24,52.37,970.09
429,25,48.31,970.85
429,26,46.79,970.21
429,27,44.63,967.17
429,28,41.08,964.12
429,29,41.59,952.33
429,30,37.15,947.50
429,31,36.01,945.09
430,0,33.34,945.09
430,1,30.17,947.38
430,2,27.25,945.09
431,0,85.49,1017.92
431,1,83.96,1022.61
431,2,84.47,1025.28
431,3,85.49,1026.04
431,4,87.01,1025.53
431,5,87.52,1022.99
431,6,89.16,1020.84
431,7,98.43,1015.38
431,8,101.98,1012.34
431,9,102.61,1009.04
431,10,103.75,1007.64
431,11,109.21,1006.75
431,12,121.64,1008.66
431,13,124.05,1011.70
431,14,130.78,1012.97
431,15,132.94,1014.11
431,16,134.97,1018.68
431,17,139.41,1022.87
431,18,147.53,1023.12
431,19,147.91,1024.13
432,0,92.21,1058.01
432,1,100.71,1064.35
432,2,103.25,1063.47
432,3,107.18,1060.17
432,4,111.49,1060.04
432,5,116.44,1058.14
432,6,126.85,1058.01
432,7,130.02,1056.99
432,8,132.05,1060.42
432,9,133.19,1060.55
432,10,141.06,1058.90
432,11,145.75,1052.68
432,12,147.91,1051.92
433,0,75.21,1080.97
433,1,75.72,1077.93
433,2,77.11,1076.79
433,3,78.25,1080.21
433,4,79.27,1080.85
433,5,87.01,1080.97
433,6,88.28,1080.21
433,7,91.45,1073.23
433,8,89.67,1061.69
433,9,94.37,1054.08
433,10,100.08,1053.06
433,11,104.90,1048.87
434,0,75.21,1080.97
434,1,94.11,1077.42
434,2,96.27,1076.66
434,3,98.93,1078.44
435,0,97.67,1077.42
435,1,98.68,1078.82
436,0,135.47,961.59
436,1,131.67,965.14
436,2,132.43,969.96
436,3,129.38,975.80
436,4,128.62,980.62
436,5,129.64,984.42
436,6,137.88,981.76
436,7,147.91,981.76
437,0,5.05,1062.45
437,1,11.14,1051.79
437,2,16.34,1047.35
437,3,54.78,1028.96
437,4,64.04,1026.67
437,5,69.88,1023.12
437,6,76.22,1021.09
437,7,90.18,1009.80
437,8,97.41,1007.51
437,9,106.04,999.52
437,10,109.34,994.83
437,11,120.76,984.68
437,12,125.45,977.32
437,13,129.26,968.82
437,14,130.65,963.36
437,15,142.70,959.81
437,16,147.15,957.91
437,17,147.91,956.89
438,0,394.42,945.09
438,1,392.77,953.21
438,2,389.72,961.21
438,3,377.42,975.54
438,4,373.74,981.00
438,5,371.33,987.09
438,6,371.45,994.57
438,7,375.01,1013.60
438,8,373.74,1024.01
438,9,366.76,1042.02
438,10,359.53,1068.16
439,0,186.60,1005.61
439,1,183.18,998.38
439,2,181.27,996.22
439,3,180.39,993.18
439,4,177.85,989.88
439,5,171.76,986.96
439,6,166.68,983.03
440,0,186.60,1005.61
440,1,188.63,1004.47
440,2,194.72,1006.50
440,3,197.51,1006.50
440,4,201.57,1004.22
440,5,202.08,1001.42
440,6,212.74,995.33
440,7,219.21,995.72
440,8,228.60,992.54
440,9,234.43,987.60
440,10,234.18,984.30
440,11,229.23,987.22
440,12,230.75,981.38
440,13,229.87,976.94
440,14,227.96,976.05
440,15,225.68,973.39
440,16,226.31,972.24
440,17,229.36,970.59
440,18,234.18,971.10
441,0,215.66,1020.20
441,1,218.45,1016.14
441,2,220.73,1009.42
441,3,226.95,1003.58
441,4,236.08,1000.16
441,5,242.81,1001.17
441,6,246.61,1000.41
441,7,253.21,995.08
441,8,257.02,990.01
441,9,262.22,988.23
441,10,271.23,986.96
441,11,280.11,987.47
441,12,284.17,988.36
441,13,286.70,990.01
441,14,290.00,993.05
441,15,292.16,997.62
441,16,297.11,1000.79
441,17,298.00,1002.95
441,18,296.35,1004.85
441,19,288.99,1008.53
442,0,205.00,1047.23
442,1,204.74,1039.74
442,2,203.98,1038.09
442,3,195.23,1030.35
442,4,191.55,1025.66
443,0,353.31,1017.03
443,1,356.23,1006.88
443,2,358.13,1004.47
444,0,365.62,945.09
444,1,367.65,956.26
444,2,360.80,971.23
444,3,360.42,975.04
444,4,361.18,979.86
444,5,359.27,990.51
444,6,355.34,992.29
444,7,357.63,997.24
444,8,358.13,1004.47
444,9,362.70,1003.20
445,0,362.70,1003.20
445,1,360.92,1001.04
445,2,361.56,998.51
445,3,360.42,996.22
445,4,363.46,983.03
445,5,366.00,977.45
445,6,364.86,975.80
445,7,365.11,971.61
445,8,376.78,963.87
445,9,379.70,960.06
445,10,380.97,945.09
446,0,135.47,961.59
446,1,131.67,965.14
446,2,132.43,969.96
446,3,129.38,975.80
446,4,128.62,980.62
446,5,129.64,984.42
446,6,137.88,981.76
446,7,156.28,981.76
446,8,159.96,983.54
446,9,161.48,985.82
446,10,165.80,987.34
446,11,166.94,986.20
446,12,167.32,981.25
446,13,171.25,981.00
446,14,176.33,979.22
446,15,182.92,979.73
446,16,186.35,975.67
446,17,187.87,975.92
446,18,189.27,974.91
446,19,194.72,968.06
446,20,204.11,967.68
446,21,206.27,968.57
447,0,176.45,1024.13
447,1,176.07,1025.02
447,2,177.47,1028.07
447,3,172.90,1040.25
447,4,173.15,1044.94
447,5,175.44,1050.40
447,6,183.94,1054.71
447,7,190.28,1059.15
447,8,195.99,1059.53
447,9,203.73,1055.47
447,10,205.00,1051.92
447,11,205.00,1047.23
448,0,115.43,1007.64
448,1,121.64,1008.66
448,2,124.05,1011.70
448,3,130.78,1012.97
448,4,132.94,1014.11
448,5,134.97,1018.68
448,6,139.41,1022.87
448,7,147.53,1023.12
448,8,148.79,1026.29
448,9,151.59,1028.07
448,10,157.80,1027.31
448,11,164.02,1030.48
448,12,166.94,1029.34
448,13,172.52,1024.13
448,14,178.10,1022.61
448,15,181.53,1019.69
448,16,183.81,1013.22
448,17,186.22,1009.04
448,18,186.60,1005.61
448,19,188.00,1005.99
448,20,190.03,1009.67
448,21,194.98,1012.08
448,22,205.38,1019.06
448,23,215.66,1020.20
448,24,228.09,1039.36
448,25,232.53,1043.29
448,26,239.13,1047.35
448,27,253.84,1049.26
448,28,256.64,1048.37
448,29,258.28,1045.96
448,30,257.65,1040.37
448,31,258.67,1033.52
449,0,115.43,1058.52
449,1,126.85,1058.01
449,2,130.02,1056.99
449,3,132.05,1060.42
449,4,133.19,1060.55
449,5,141.06,1058.90
449,6,145.75,1052.68
449,7,153.49,1049.76
449,8,157.93,1049.64
449,9,163.13,1042.78
449,10,164.27,1039.11
449,11,171.25,1033.78
449,12,175.31,1027.69
449,13,175.69,1024.90
449,14,178.10,1022.61
450,0,397.46,1033.27
450,1,397.34,1037.46
450,2,396.19,1039.49
450,3,385.54,1050.14
450,4,385.92,1056.23
450,5,384.65,1059.41
450,6,379.95,1064.10
450,7,376.66,1070.57
450,8,375.13,1075.90
450,9,375.77,1080.09
450,10,393.02,1072.22
450,11,396.70,1063.08
450,12,397.72,1061.94
450,13,401.52,1060.42
450,14,399.49,1051.67
450,15,401.02,1052.43
450,16,408.12,1061.94
451,0,391.25,1043.93
451,1,385.54,1035.43
452,0,403.68,991.53
452,1,401.90,992.67
452,2,405.33,997.36
452,3,403.43,1001.93
452,4,401.90,1001.81
452,5,402.92,1008.02
452,6,406.09,1013.99
452,7,408.75,1022.61
452,8,412.81,1026.04
452,9,412.56,1028.32
452,10,415.48,1030.35
452,11,415.73,1035.30
452,12,411.93,1037.33
452,13,401.65,1035.30
452,14,399.37,1033.27
452,15,397.34,1032.89
452,16,402.54,1042.66
452,17,405.96,1051.67
452,18,410.40,1069.17
453,0,579.90,951.31
453,1,574.58,947.38
453,2,565.69,945.09
454,0,544.51,945.09
454,1,542.73,945.09
455,0,515.58,945.09
455,1,512.41,947.12
455,2,505.43,949.28
455,3,502.64,951.06
455,4,497.69,957.27
455,5,495.66,962.98
455,6,496.17,967.42
455,7,495.28,970.47
455,8,492.36,973.01
455,9,489.95,979.22
455,10,487.16,982.14
456,0,667.57,1019.06
456,1,652.98,1007.64
456,2,648.92,1006.63
456,3,636.24,1006.63
456,4,631.29,1004.47
456,5,625.96,1000.03
456,6,622.53,998.89
456,7,613.14,986.33
456,8,606.42,981.13
456,9,600.33,981.25
456,10,597.29,976.18
456,11,595.13,974.91
456,12,591.45,974.65
456,13,585.49,971.23
456,14,584.85,965.01
456,15,581.81,960.70
456,16,581.93,956.00
456,17,579.90,951.31
456,18,573.81,945.09
457,0,406.22,945.09
457,1,406.09,955.88
457,2,400.51,959.05
457,3,400.38,961.97
457,4,398.10,969.58
457,5,396.70,970.34
457,6,394.16,977.19
457,7,396.07,985.69
457,8,398.10,989.12
457,9,400.00,990.64
457,10,405.08,992.54
458,0,597.29,976.18
458,1,593.23,976.18
458,2,582.70,983.54
458,3,578.13,985.69
458,4,573.56,985.95
458,5,565.69,979.60
458,6,563.92,980.62
458,7,563.28,981.89
458,8,568.36,991.40
458,9,569.75,995.72
458,10,572.17,997.11
458,11,578.89,994.57
459,0,184.19,945.09
459,1,190.54,950.17
459,2,201.19,947.25
459,3,205.38,949.91
459,4,207.41,949.53
459,5,211.22,945.09
460,0,115.43,989.37
460,1,120.76,984.68
460,2,125.45,977.32
460,3,129.26,968.82
460,4,130.65,963.36
460,5,142.70,959.81
460,6,147.15,957.91
460,7,148.29,956.39
460,8,149.43,947.00
460,9,148.79,945.09
461,0,935.65,945.09
461,1,938.70,953.85
461,2,937.94,955.24
461,3,938.70,961.08
461,4,947.33,964.38
461,5,950.75,963.87
461,6,953.16,964.89
461,7,961.66,961.97
461,8,956.59,945.09
462,0,705.89,1068.67
462,1,707.54,1070.44
462,2,715.91,1075.64
463,0,831.74,1008.15
463,1,828.95,1012.21
463,2,827.43,1016.40
463,3,828.07,1021.09
463,4,838.98,1052.43
463,5,839.99,1061.05
463,6,839.48,1064.86
463,7,845.19,1070.95
464,0,828.32,1009.29
464,1,828.83,1007.90
464,2,832.51,1005.23
464,3,834.66,993.18
464,4,834.54,989.25
464,5,824.01,965.90
464,6,822.36,959.94
464,7,814.49,955.62
464,8,812.71,953.85
464,9,811.70,945.09
465,0,976.51,1080.09
465,1,973.71,1076.79
465,2,964.07,1071.84
465,3,961.79,1066.64
466,0,717.69,1044.94
466,1,715.53,1052.05
466,2,711.60,1058.64
466,3,709.82,1059.15
466,4,706.65,1063.72
466,5,705.51,1070.70
467,0,717.69,1044.94
467,1,703.99,1039.61
467,2,683.56,1033.52
467,3,665.54,1017.28
467,4,652.98,1007.64
467,5,648.92,1006.63
467,6,636.24,1006.63
467,7,635.09,1006.12
468,0,976.51,1080.09
469,0,896.32,945.09
469,1,897.59,955.12
469,2,894.80,958.42
469,3,887.44,963.11
469,4,875.26,977.83
469,5,875.01,986.20
469,6,873.61,988.61
469,7,870.44,990.51
469,8,866.00,991.15
469,9,862.45,994.83
469,10,842.02,999.14
469,11,831.74,1008.15
469,12,797.87,1016.52
469,13,790.51,1020.20
469,14,787.59,1022.99
469,15,765.14,1032.51
469,16,757.02,1039.74
469,17,749.79,1056.11
469,18,746.49,1058.52
469,19,738.11,1050.14
469,20,729.23,1047.35
469,21,717.69,1044.94
